Record Length,2.500000e+03,,   0.004082000000,  30.40000,
Sample Interval,1.000000e-07,,   0.004082100000,  30.40000,
Trigger Point,-4.082000000000e+04,,   0.004082200000,  31.20000,
,,,   0.004082300000,  32.00000,
,,,   0.004082400000,  30.40000,
,,,   0.004082500000,  31.20000,
Source,CH2,,   0.004082600000,  30.40000,
Vertical Units,V,,   0.004082700000,  29.60000,
Vertical Scale,2.000000e+01,,   0.004082800000,  29.60000,
Vertical Offset,8.000000e-01,,   0.004082900000,  30.40000,
Horizontal Units,s,,   0.004083000000,  31.20000,
Horizontal Scale,2.500000e-05,,   0.004083100000,  30.40000,
Pt Fmt,Y,,   0.004083200000,  31.20000,
Yzero,0.000000e+00,,   0.004083300000,  31.20000,
Probe Atten,1.000000e+01,,   0.004083400000,  30.40000,
Model Number,TBS1052B,,   0.004083500000,  31.20000,
Serial Number,C012748,,   0.004083600000,  31.20000,
Firmware Version,FV:v4.06,,   0.004083700000,  29.60000,
,,,0.004083800000,  31.20000,
,,,0.004083900000,  30.40000,
,,,0.004084000000,  31.20000,
,,,0.004084100000,  31.20000,
,,,0.004084200000,  31.20000,
,,,0.004084300000,  31.20000,
,,,0.004084400000,  30.40000,
,,,0.004084500000,  30.40000,
,,,0.004084600000,  30.40000,
,,,0.004084700000,  30.40000,
,,,0.004084800000,  30.40000,
,,,0.004084900000,  30.40000,
,,,0.004085000000,  31.20000,
,,,0.004085100000,  30.40000,
,,,0.004085200000,  31.20000,
,,,0.004085300000,  30.40000,
,,,0.004085400000,  31.20000,
,,,0.004085500000,  30.40000,
,,,0.004085600000,  31.20000,
,,,0.004085700000,  31.20000,
,,,0.004085800000,  31.20000,
,,,0.004085900000,  30.40000,
,,,0.004086000000,  30.40000,
,,,0.004086100000,  29.60000,
,,,0.004086200000,  31.20000,
,,,0.004086300000,  30.40000,
,,,0.004086400000,  31.20000,
,,,0.004086500000,  31.20000,
,,,0.004086600000,  30.40000,
,,,0.004086700000,  30.40000,
,,,0.004086800000,  30.40000,
,,,0.004086900000,  30.40000,
,,,0.004087000000,  30.40000,
,,,0.004087100000,  30.40000,
,,,0.004087200000,  29.60000,
,,,0.004087300000,  31.20000,
,,,0.004087400000,  31.20000,
,,,0.004087500000,  31.20000,
,,,0.004087600000,  31.20000,
,,,0.004087700000,  30.40000,
,,,0.004087800000,  30.40000,
,,,0.004087900000,  30.40000,
,,,0.004088000000,  31.20000,
,,,0.004088100000,  31.20000,
,,,0.004088200000,  30.40000,
,,,0.004088300000,  30.40000,
,,,0.004088400000,  31.20000,
,,,0.004088500000,  30.40000,
,,,0.004088600000,  30.40000,
,,,0.004088700000,  31.20000,
,,,0.004088800000,  30.40000,
,,,0.004088900000,  30.40000,
,,,0.004089000000,  30.40000,
,,,0.004089100000,  30.40000,
,,,0.004089200000,  30.40000,
,,,0.004089300000,  30.40000,
,,,0.004089400000,  31.20000,
,,,0.004089500000,  29.60000,
,,,0.004089600000,  31.20000,
,,,0.004089700000,  30.40000,
,,,0.004089800000,  31.20000,
,,,0.004089900000,  30.40000,
,,,0.004090000000,  31.20000,
,,,0.004090100000,  30.40000,
,,,0.004090200000,  31.20000,
,,,0.004090300000,  30.40000,
,,,0.004090400000,  30.40000,
,,,0.004090500000,  31.20000,
,,,0.004090600000,  30.40000,
,,,0.004090700000,  31.20000,
,,,0.004090800000,  31.20000,
,,,0.004090900000,  32.00000,
,,,0.004091000000,  30.40000,
,,,0.004091100000,  30.40000,
,,,0.004091200000,  31.20000,
,,,0.004091300000,  30.40000,
,,,0.004091400000,  30.40000,
,,,0.004091500000,  30.40000,
,,,0.004091600000,  30.40000,
,,,0.004091700000,  30.40000,
,,,0.004091800000,  30.40000,
,,,0.004091900000,  30.40000,
,,,0.004092000000,  31.20000,
,,,0.004092100000,  31.20000,
,,,0.004092200000,  31.20000,
,,,0.004092300000,  30.40000,
,,,0.004092400000,  30.40000,
,,,0.004092500000,  31.20000,
,,,0.004092600000,  28.80000,
,,,0.004092700000,  30.40000,
,,,0.004092800000,  29.60000,
,,,0.004092900000,  30.40000,
,,,0.004093000000,  31.20000,
,,,0.004093100000,  31.20000,
,,,0.004093200000,  31.20000,
,,,0.004093300000,  30.40000,
,,,0.004093400000,  31.20000,
,,,0.004093500000,  30.40000,
,,,0.004093600000,  30.40000,
,,,0.004093700000,  30.40000,
,,,0.004093800000,  30.40000,
,,,0.004093900000,  31.20000,
,,,0.004094000000,  31.20000,
,,,0.004094100000,  31.20000,
,,,0.004094200000,  30.40000,
,,,0.004094300000,  30.40000,
,,,0.004094400000,  31.20000,
,,,0.004094500000,  31.20000,
,,,0.004094600000,  30.40000,
,,,0.004094700000,  30.40000,
,,,0.004094800000,  30.40000,
,,,0.004094900000,  31.20000,
,,,0.004095000000,  31.20000,
,,,0.004095100000,  31.20000,
,,,0.004095200000,  31.20000,
,,,0.004095300000,  29.60000,
,,,0.004095400000,  29.60000,
,,,0.004095500000,  31.20000,
,,,0.004095600000,  31.20000,
,,,0.004095700000,  30.40000,
,,,0.004095800000,  30.40000,
,,,0.004095900000,  30.40000,
,,,0.004096000000,  30.40000,
,,,0.004096100000,  30.40000,
,,,0.004096200000,  31.20000,
,,,0.004096300000,  30.40000,
,,,0.004096400000,  31.20000,
,,,0.004096500000,  30.40000,
,,,0.004096600000,  31.20000,
,,,0.004096700000,  29.60000,
,,,0.004096800000,  30.40000,
,,,0.004096900000,  30.40000,
,,,0.004097000000,  30.40000,
,,,0.004097100000,  29.60000,
,,,0.004097200000,  30.40000,
,,,0.004097300000,  30.40000,
,,,0.004097400000,  30.40000,
,,,0.004097500000,  30.40000,
,,,0.004097600000,  30.40000,
,,,0.004097700000,  31.20000,
,,,0.004097800000,  30.40000,
,,,0.004097900000,  31.20000,
,,,0.004098000000,  30.40000,
,,,0.004098100000,  31.20000,
,,,0.004098200000,  30.40000,
,,,0.004098300000,  30.40000,
,,,0.004098400000,  30.40000,
,,,0.004098500000,  31.20000,
,,,0.004098600000,  30.40000,
,,,0.004098700000,  31.20000,
,,,0.004098800000,  30.40000,
,,,0.004098900000,  30.40000,
,,,0.004099000000,  30.40000,
,,,0.004099100000,  31.20000,
,,,0.004099200000,  30.40000,
,,,0.004099300000,  30.40000,
,,,0.004099400000,  30.40000,
,,,0.004099500000,  30.40000,
,,,0.004099600000,  30.40000,
,,,0.004099700000,  31.20000,
,,,0.004099800000,  30.40000,
,,,0.004099900000,  31.20000,
,,,0.004100000000,  31.20000,
,,,0.004100100000,  30.40000,
,,,0.004100200000,  31.20000,
,,,0.004100300000,  29.60000,
,,,0.004100400000,  30.40000,
,,,0.004100500000,  31.20000,
,,,0.004100600000, -55.20000,
,,,0.004100700000, -38.40000,
,,,0.004100800000, -39.20000,
,,,0.004100900000, -39.20000,
,,,0.004101000000, -39.20000,
,,,0.004101100000, -39.20000,
,,,0.004101200000, -38.40000,
,,,0.004101300000, -38.40000,
,,,0.004101400000, -38.40000,
,,,0.004101500000, -39.20000,
,,,0.004101600000, -40.00000,
,,,0.004101700000, -39.20000,
,,,0.004101800000, -39.20000,
,,,0.004101900000, -39.20000,
,,,0.004102000000, -39.20000,
,,,0.004102100000, -38.40000,
,,,0.004102200000, -38.40000,
,,,0.004102300000, -39.20000,
,,,0.004102400000, -38.40000,
,,,0.004102500000, -38.40000,
,,,0.004102600000, -39.20000,
,,,0.004102700000, -39.20000,
,,,0.004102800000, -39.20000,
,,,0.004102900000, -38.40000,
,,,0.004103000000, -39.20000,
,,,0.004103100000, -39.20000,
,,,0.004103200000, -39.20000,
,,,0.004103300000, -38.40000,
,,,0.004103400000, -38.40000,
,,,0.004103500000, -40.00000,
,,,0.004103600000, -38.40000,
,,,0.004103700000, -38.40000,
,,,0.004103800000, -39.20000,
,,,0.004103900000, -38.40000,
,,,0.004104000000, -38.40000,
,,,0.004104100000, -39.20000,
,,,0.004104200000, -39.20000,
,,,0.004104300000, -39.20000,
,,,0.004104400000, -38.40000,
,,,0.004104500000, -39.20000,
,,,0.004104600000, -40.00000,
,,,0.004104700000, -39.20000,
,,,0.004104800000, -40.00000,
,,,0.004104900000, -39.20000,
,,,0.004105000000, -39.20000,
,,,0.004105100000, -39.20000,
,,,0.004105200000, -39.20000,
,,,0.004105300000, -40.80000,
,,,0.004105400000, -38.40000,
,,,0.004105500000, -38.40000,
,,,0.004105600000, -40.00000,
,,,0.004105700000, -38.40000,
,,,0.004105800000, -39.20000,
,,,0.004105900000, -40.00000,
,,,0.004106000000, -38.40000,
,,,0.004106100000, -38.40000,
,,,0.004106200000, -39.20000,
,,,0.004106300000, -40.00000,
,,,0.004106400000, -39.20000,
,,,0.004106500000, -38.40000,
,,,0.004106600000, -40.00000,
,,,0.004106700000, -39.20000,
,,,0.004106800000, -38.40000,
,,,0.004106900000, -39.20000,
,,,0.004107000000, -39.20000,
,,,0.004107100000, -40.00000,
,,,0.004107200000, -39.20000,
,,,0.004107300000, -39.20000,
,,,0.004107400000, -39.20000,
,,,0.004107500000, -40.00000,
,,,0.004107600000, -40.00000,
,,,0.004107700000, -40.00000,
,,,0.004107800000, -38.40000,
,,,0.004107900000, -40.00000,
,,,0.004108000000, -39.20000,
,,,0.004108100000, -40.00000,
,,,0.004108200000, -39.20000,
,,,0.004108300000, -39.20000,
,,,0.004108400000, -39.20000,
,,,0.004108500000, -40.00000,
,,,0.004108600000, -40.00000,
,,,0.004108700000, -39.20000,
,,,0.004108800000, -39.20000,
,,,0.004108900000, -39.20000,
,,,0.004109000000, -39.20000,
,,,0.004109100000, -39.20000,
,,,0.004109200000, -39.20000,
,,,0.004109300000, -40.80000,
,,,0.004109400000, -39.20000,
,,,0.004109500000, -39.20000,
,,,0.004109600000, -40.00000,
,,,0.004109700000, -39.20000,
,,,0.004109800000, -39.20000,
,,,0.004109900000, -38.40000,
,,,0.004110000000, -39.20000,
,,,0.004110100000, -39.20000,
,,,0.004110200000, -39.20000,
,,,0.004110300000, -39.20000,
,,,0.004110400000, -39.20000,
,,,0.004110500000, -39.20000,
,,,0.004110600000, -40.00000,
,,,0.004110700000, -40.00000,
,,,0.004110800000, -40.80000,
,,,0.004110900000, -39.20000,
,,,0.004111000000, -39.20000,
,,,0.004111100000, -39.20000,
,,,0.004111200000, -39.20000,
,,,0.004111300000, -38.40000,
,,,0.004111400000, -40.00000,
,,,0.004111500000, -40.00000,
,,,0.004111600000, -40.00000,
,,,0.004111700000, -39.20000,
,,,0.004111800000, -39.20000,
,,,0.004111900000, -39.20000,
,,,0.004112000000, -40.00000,
,,,0.004112100000, -39.20000,
,,,0.004112200000, -39.20000,
,,,0.004112300000, -39.20000,
,,,0.004112400000, -40.00000,
,,,0.004112500000, -39.20000,
,,,0.004112600000, -39.20000,
,,,0.004112700000, -40.00000,
,,,0.004112800000, -39.20000,
,,,0.004112900000, -40.00000,
,,,0.004113000000, -39.20000,
,,,0.004113100000, -39.20000,
,,,0.004113200000, -39.20000,
,,,0.004113300000, -39.20000,
,,,0.004113400000, -40.00000,
,,,0.004113500000, -38.40000,
,,,0.004113600000, -39.20000,
,,,0.004113700000, -39.20000,
,,,0.004113800000, -40.80000,
,,,0.004113900000, -38.40000,
,,,0.004114000000, -40.00000,
,,,0.004114100000, -39.20000,
,,,0.004114200000, -39.20000,
,,,0.004114300000, -40.00000,
,,,0.004114400000, -40.00000,
,,,0.004114500000, -39.20000,
,,,0.004114600000, -39.20000,
,,,0.004114700000, -39.20000,
,,,0.004114800000, -40.00000,
,,,0.004114900000, -39.20000,
,,,0.004115000000, -39.20000,
,,,0.004115100000, -39.20000,
,,,0.004115200000, -40.00000,
,,,0.004115300000, -39.20000,
,,,0.004115400000, -39.20000,
,,,0.004115500000, -39.20000,
,,,0.004115600000, -39.20000,
,,,0.004115700000, -39.20000,
,,,0.004115800000, -40.00000,
,,,0.004115900000, -39.20000,
,,,0.004116000000, -39.20000,
,,,0.004116100000, -39.20000,
,,,0.004116200000, -40.00000,
,,,0.004116300000, -39.20000,
,,,0.004116400000, -40.00000,
,,,0.004116500000, -40.00000,
,,,0.004116600000, -40.00000,
,,,0.004116700000, -39.20000,
,,,0.004116800000, -39.20000,
,,,0.004116900000, -40.00000,
,,,0.004117000000, -40.00000,
,,,0.004117100000, -40.00000,
,,,0.004117200000, -39.20000,
,,,0.004117300000, -39.20000,
,,,0.004117400000, -39.20000,
,,,0.004117500000, -39.20000,
,,,0.004117600000, -39.20000,
,,,0.004117700000, -39.20000,
,,,0.004117800000, -40.00000,
,,,0.004117900000, -39.20000,
,,,0.004118000000, -39.20000,
,,,0.004118100000, -38.40000,
,,,0.004118200000, -40.00000,
,,,0.004118300000, -40.00000,
,,,0.004118400000, -40.00000,
,,,0.004118500000, -39.20000,
,,,0.004118600000, -40.00000,
,,,0.004118700000, -39.20000,
,,,0.004118800000, -39.20000,
,,,0.004118900000, -39.20000,
,,,0.004119000000, -39.20000,
,,,0.004119100000, -40.00000,
,,,0.004119200000, -40.00000,
,,,0.004119300000, -40.00000,
,,,0.004119400000, -40.00000,
,,,0.004119500000, -40.00000,
,,,0.004119600000, -40.00000,
,,,0.004119700000, -39.20000,
,,,0.004119800000, -39.20000,
,,,0.004119900000, -39.20000,
,,,0.004120000000, -39.20000,
,,,0.004120100000, -40.00000,
,,,0.004120200000, -39.20000,
,,,0.004120300000, -39.20000,
,,,0.004120400000, -39.20000,
,,,0.004120500000, -40.00000,
,,,0.004120600000, -40.00000,
,,,0.004120700000, -40.00000,
,,,0.004120800000, -39.20000,
,,,0.004120900000, -40.00000,
,,,0.004121000000, -39.20000,
,,,0.004121100000, -39.20000,
,,,0.004121200000, -39.20000,
,,,0.004121300000, -40.00000,
,,,0.004121400000, -40.80000,
,,,0.004121500000, -39.20000,
,,,0.004121600000, -39.20000,
,,,0.004121700000, -38.40000,
,,,0.004121800000, -39.20000,
,,,0.004121900000, -39.20000,
,,,0.004122000000, -39.20000,
,,,0.004122100000, -40.80000,
,,,0.004122200000, -40.00000,
,,,0.004122300000, -40.00000,
,,,0.004122400000, -40.00000,
,,,0.004122500000, -39.20000,
,,,0.004122600000, -39.20000,
,,,0.004122700000, -39.20000,
,,,0.004122800000, -40.00000,
,,,0.004122900000, -38.40000,
,,,0.004123000000, -40.00000,
,,,0.004123100000, -40.00000,
,,,0.004123200000, -38.40000,
,,,0.004123300000, -40.00000,
,,,0.004123400000, -40.00000,
,,,0.004123500000, -38.40000,
,,,0.004123600000, -40.00000,
,,,0.004123700000, -40.80000,
,,,0.004123800000, -40.00000,
,,,0.004123900000, -40.00000,
,,,0.004124000000, -39.20000,
,,,0.004124100000, -39.20000,
,,,0.004124200000, -39.20000,
,,,0.004124300000, -40.00000,
,,,0.004124400000, -40.00000,
,,,0.004124500000, -39.20000,
,,,0.004124600000, -40.00000,
,,,0.004124700000, -39.20000,
,,,0.004124800000, -40.00000,
,,,0.004124900000, -39.20000,
,,,0.004125000000, -39.20000,
,,,0.004125100000, -40.00000,
,,,0.004125200000, -39.20000,
,,,0.004125300000, -39.20000,
,,,0.004125400000, -40.00000,
,,,0.004125500000, -40.00000,
,,,0.004125600000, -40.00000,
,,,0.004125700000, -40.00000,
,,,0.004125800000, -39.20000,
,,,0.004125900000, -39.20000,
,,,0.004126000000, -39.20000,
,,,0.004126100000, -40.00000,
,,,0.004126200000, -39.20000,
,,,0.004126300000, -40.00000,
,,,0.004126400000, -40.80000,
,,,0.004126500000, -39.20000,
,,,0.004126600000, -39.20000,
,,,0.004126700000, -39.20000,
,,,0.004126800000, -39.20000,
,,,0.004126900000, -40.00000,
,,,0.004127000000, -40.00000,
,,,0.004127100000, -40.00000,
,,,0.004127200000, -39.20000,
,,,0.004127300000, -39.20000,
,,,0.004127400000, -39.20000,
,,,0.004127500000, -38.40000,
,,,0.004127600000, -39.20000,
,,,0.004127700000, -39.20000,
,,,0.004127800000, -39.20000,
,,,0.004127900000, -39.20000,
,,,0.004128000000, -39.20000,
,,,0.004128100000, -40.00000,
,,,0.004128200000, -39.20000,
,,,0.004128300000, -40.00000,
,,,0.004128400000, -39.20000,
,,,0.004128500000, -40.00000,
,,,0.004128600000, -39.20000,
,,,0.004128700000, -40.00000,
,,,0.004128800000, -40.00000,
,,,0.004128900000, -39.20000,
,,,0.004129000000, -40.00000,
,,,0.004129100000, -39.20000,
,,,0.004129200000, -40.00000,
,,,0.004129300000, -40.00000,
,,,0.004129400000, -39.20000,
,,,0.004129500000, -39.20000,
,,,0.004129600000, -39.20000,
,,,0.004129700000, -39.20000,
,,,0.004129800000, -39.20000,
,,,0.004129900000, -39.20000,
,,,0.004130000000, -40.80000,
,,,0.004130100000, -38.40000,
,,,0.004130200000, -38.40000,
,,,0.004130300000, -40.00000,
,,,0.004130400000, -39.20000,
,,,0.004130500000, -40.00000,
,,,0.004130600000, -40.80000,
,,,0.004130700000, -40.00000,
,,,0.004130800000, -39.20000,
,,,0.004130900000, -39.20000,
,,,0.004131000000, -39.20000,
,,,0.004131100000, -39.20000,
,,,0.004131200000, -40.00000,
,,,0.004131300000, -40.00000,
,,,0.004131400000, -40.00000,
,,,0.004131500000, -39.20000,
,,,0.004131600000, -39.20000,
,,,0.004131700000, -39.20000,
,,,0.004131800000, -39.20000,
,,,0.004131900000, -40.00000,
,,,0.004132000000, -39.20000,
,,,0.004132100000, -40.00000,
,,,0.004132200000, -40.00000,
,,,0.004132300000, -40.00000,
,,,0.004132400000, -39.20000,
,,,0.004132500000, -39.20000,
,,,0.004132600000, -39.20000,
,,,0.004132700000, -39.20000,
,,,0.004132800000, -39.20000,
,,,0.004132900000, -39.20000,
,,,0.004133000000, -38.40000,
,,,0.004133100000, -39.20000,
,,,0.004133200000, -40.00000,
,,,0.004133300000, -39.20000,
,,,0.004133400000, -39.20000,
,,,0.004133500000, -38.40000,
,,,0.004133600000, -40.00000,
,,,0.004133700000, -40.00000,
,,,0.004133800000, -40.00000,
,,,0.004133900000, -40.00000,
,,,0.004134000000, -39.20000,
,,,0.004134100000, -39.20000,
,,,0.004134200000, -39.20000,
,,,0.004134300000, -39.20000,
,,,0.004134400000, -40.00000,
,,,0.004134500000, -40.00000,
,,,0.004134600000, -39.20000,
,,,0.004134700000, -39.20000,
,,,0.004134800000, -39.20000,
,,,0.004134900000, -40.00000,
,,,0.004135000000, -40.00000,
,,,0.004135100000, -40.00000,
,,,0.004135200000, -40.00000,
,,,0.004135300000, -39.20000,
,,,0.004135400000, -39.20000,
,,,0.004135500000, -40.00000,
,,,0.004135600000, -40.00000,
,,,0.004135700000, -40.00000,
,,,0.004135800000, -40.00000,
,,,0.004135900000, -39.20000,
,,,0.004136000000, -39.20000,
,,,0.004136100000, -40.00000,
,,,0.004136200000, -40.00000,
,,,0.004136300000, -39.20000,
,,,0.004136400000, -40.00000,
,,,0.004136500000, -39.20000,
,,,0.004136600000, -39.20000,
,,,0.004136700000, -40.00000,
,,,0.004136800000, -39.20000,
,,,0.004136900000, -39.20000,
,,,0.004137000000, -39.20000,
,,,0.004137100000, -39.20000,
,,,0.004137200000, -40.00000,
,,,0.004137300000, -38.40000,
,,,0.004137400000, -39.20000,
,,,0.004137500000, -39.20000,
,,,0.004137600000, -39.20000,
,,,0.004137700000, -40.00000,
,,,0.004137800000, -39.20000,
,,,0.004137900000, -38.40000,
,,,0.004138000000, -40.00000,
,,,0.004138100000, -39.20000,
,,,0.004138200000, -39.20000,
,,,0.004138300000, -40.00000,
,,,0.004138400000, -40.00000,
,,,0.004138500000, -39.20000,
,,,0.004138600000, -39.20000,
,,,0.004138700000, -39.20000,
,,,0.004138800000, -40.00000,
,,,0.004138900000, -40.00000,
,,,0.004139000000, -40.00000,
,,,0.004139100000, -40.00000,
,,,0.004139200000, -40.00000,
,,,0.004139300000, -39.20000,
,,,0.004139400000, -40.00000,
,,,0.004139500000, -40.00000,
,,,0.004139600000, -39.20000,
,,,0.004139700000, -40.00000,
,,,0.004139800000, -39.20000,
,,,0.004139900000, -40.00000,
,,,0.004140000000, -39.20000,
,,,0.004140100000, -39.20000,
,,,0.004140200000, -40.00000,
,,,0.004140300000, -38.40000,
,,,0.004140400000, -39.20000,
,,,0.004140500000, -40.00000,
,,,0.004140600000, -39.20000,
,,,0.004140700000, -39.20000,
,,,0.004140800000, -39.20000,
,,,0.004140900000, -40.00000,
,,,0.004141000000, -39.20000,
,,,0.004141100000, -40.00000,
,,,0.004141200000, -40.00000,
,,,0.004141300000, -40.00000,
,,,0.004141400000, -40.00000,
,,,0.004141500000, -38.40000,
,,,0.004141600000, -40.00000,
,,,0.004141700000, -39.20000,
,,,0.004141800000, -40.00000,
,,,0.004141900000, -40.00000,
,,,0.004142000000, -39.20000,
,,,0.004142100000, -40.00000,
,,,0.004142200000, -40.00000,
,,,0.004142300000, -39.20000,
,,,0.004142400000, -40.80000,
,,,0.004142500000, -39.20000,
,,,0.004142600000, -40.00000,
,,,0.004142700000, -40.00000,
,,,0.004142800000, -40.00000,
,,,0.004142900000, -38.40000,
,,,0.004143000000, -39.20000,
,,,0.004143100000, -40.00000,
,,,0.004143200000, -39.20000,
,,,0.004143300000, -39.20000,
,,,0.004143400000, -40.00000,
,,,0.004143500000, -40.00000,
,,,0.004143600000, -39.20000,
,,,0.004143700000, -40.00000,
,,,0.004143800000, -40.00000,
,,,0.004143900000, -38.40000,
,,,0.004144000000, -39.20000,
,,,0.004144100000, -40.00000,
,,,0.004144200000, -39.20000,
,,,0.004144300000, -39.20000,
,,,0.004144400000, -39.20000,
,,,0.004144500000, -40.00000,
,,,0.004144600000, -40.00000,
,,,0.004144700000, -40.00000,
,,,0.004144800000, -40.00000,
,,,0.004144900000, -40.00000,
,,,0.004145000000, -40.00000,
,,,0.004145100000, -40.00000,
,,,0.004145200000, -40.00000,
,,,0.004145300000, -40.00000,
,,,0.004145400000, -39.20000,
,,,0.004145500000, -40.00000,
,,,0.004145600000, -39.20000,
,,,0.004145700000, -38.40000,
,,,0.004145800000, -39.20000,
,,,0.004145900000, -39.20000,
,,,0.004146000000, -39.20000,
,,,0.004146100000, -39.20000,
,,,0.004146200000, -40.00000,
,,,0.004146300000, -39.20000,
,,,0.004146400000, -39.20000,
,,,0.004146500000, -40.00000,
,,,0.004146600000, -40.00000,
,,,0.004146700000, -39.20000,
,,,0.004146800000, -40.00000,
,,,0.004146900000, -39.20000,
,,,0.004147000000, -39.20000,
,,,0.004147100000, -39.20000,
,,,0.004147200000, -40.00000,
,,,0.004147300000, -39.20000,
,,,0.004147400000, -39.20000,
,,,0.004147500000, -39.20000,
,,,0.004147600000, -40.00000,
,,,0.004147700000, -39.20000,
,,,0.004147800000, -39.20000,
,,,0.004147900000, -40.00000,
,,,0.004148000000, -40.00000,
,,,0.004148100000, -40.00000,
,,,0.004148200000, -39.20000,
,,,0.004148300000, -39.20000,
,,,0.004148400000, -40.00000,
,,,0.004148500000, -40.00000,
,,,0.004148600000, -39.20000,
,,,0.004148700000, -40.00000,
,,,0.004148800000, -40.00000,
,,,0.004148900000, -40.80000,
,,,0.004149000000, -40.00000,
,,,0.004149100000, -39.20000,
,,,0.004149200000, -39.20000,
,,,0.004149300000, -40.80000,
,,,0.004149400000, -40.00000,
,,,0.004149500000, -39.20000,
,,,0.004149600000, -39.20000,
,,,0.004149700000, -40.80000,
,,,0.004149800000, -39.20000,
,,,0.004149900000, -39.20000,
,,,0.004150000000, -39.20000,
,,,0.004150100000, -40.00000,
,,,0.004150200000, -39.20000,
,,,0.004150300000, -40.00000,
,,,0.004150400000, -40.00000,
,,,0.004150500000, -40.00000,
,,,0.004150600000, -40.00000,
,,,0.004150700000, -39.20000,
,,,0.004150800000, -39.20000,
,,,0.004150900000, -39.20000,
,,,0.004151000000, -39.20000,
,,,0.004151100000, -40.80000,
,,,0.004151200000, -39.20000,
,,,0.004151300000, -39.20000,
,,,0.004151400000, -39.20000,
,,,0.004151500000, -39.20000,
,,,0.004151600000, -39.20000,
,,,0.004151700000, -39.20000,
,,,0.004151800000, -40.00000,
,,,0.004151900000, -40.00000,
,,,0.004152000000, -40.80000,
,,,0.004152100000, -40.80000,
,,,0.004152200000, -39.20000,
,,,0.004152300000, -39.20000,
,,,0.004152400000, -38.40000,
,,,0.004152500000, -40.00000,
,,,0.004152600000, -40.00000,
,,,0.004152700000, -40.00000,
,,,0.004152800000, -39.20000,
,,,0.004152900000, -39.20000,
,,,0.004153000000, -40.00000,
,,,0.004153100000, -39.20000,
,,,0.004153200000, -39.20000,
,,,0.004153300000, -38.40000,
,,,0.004153400000, -40.00000,
,,,0.004153500000, -39.20000,
,,,0.004153600000, -40.00000,
,,,0.004153700000, -39.20000,
,,,0.004153800000, -39.20000,
,,,0.004153900000, -40.00000,
,,,0.004154000000, -40.00000,
,,,0.004154100000, -39.20000,
,,,0.004154200000, -40.00000,
,,,0.004154300000, -40.00000,
,,,0.004154400000, -39.20000,
,,,0.004154500000, -39.20000,
,,,0.004154600000, -40.00000,
,,,0.004154700000, -40.00000,
,,,0.004154800000, -39.20000,
,,,0.004154900000, -40.00000,
,,,0.004155000000, -39.20000,
,,,0.004155100000, -40.00000,
,,,0.004155200000, -40.00000,
,,,0.004155300000, -39.20000,
,,,0.004155400000, -40.80000,
,,,0.004155500000, -38.40000,
,,,0.004155600000, -40.00000,
,,,0.004155700000, -40.80000,
,,,0.004155800000, -39.20000,
,,,0.004155900000, -39.20000,
,,,0.004156000000, -39.20000,
,,,0.004156100000, -40.00000,
,,,0.004156200000, -40.00000,
,,,0.004156300000, -40.00000,
,,,0.004156400000, -39.20000,
,,,0.004156500000, -40.00000,
,,,0.004156600000, -40.00000,
,,,0.004156700000, -40.00000,
,,,0.004156800000, -39.20000,
,,,0.004156900000, -39.20000,
,,,0.004157000000, -40.00000,
,,,0.004157100000, -39.20000,
,,,0.004157200000, -39.20000,
,,,0.004157300000, -39.20000,
,,,0.004157400000, -39.20000,
,,,0.004157500000, -38.40000,
,,,0.004157600000, -39.20000,
,,,0.004157700000, -39.20000,
,,,0.004157800000, -40.00000,
,,,0.004157900000, -39.20000,
,,,0.004158000000, -39.20000,
,,,0.004158100000, -39.20000,
,,,0.004158200000, -40.00000,
,,,0.004158300000, -39.20000,
,,,0.004158400000, -40.00000,
,,,0.004158500000, -38.40000,
,,,0.004158600000, -39.20000,
,,,0.004158700000, -39.20000,
,,,0.004158800000, -40.00000,
,,,0.004158900000, -40.00000,
,,,0.004159000000, -39.20000,
,,,0.004159100000, -39.20000,
,,,0.004159200000, -40.00000,
,,,0.004159300000, -40.00000,
,,,0.004159400000, -39.20000,
,,,0.004159500000, -39.20000,
,,,0.004159600000, -40.00000,
,,,0.004159700000, -40.00000,
,,,0.004159800000, -40.00000,
,,,0.004159900000, -40.00000,
,,,0.004160000000, -39.20000,
,,,0.004160100000, -40.00000,
,,,0.004160200000, -40.00000,
,,,0.004160300000, -40.00000,
,,,0.004160400000, -40.00000,
,,,0.004160500000, -40.00000,
,,,0.004160600000, -39.20000,
,,,0.004160700000, -39.20000,
,,,0.004160800000, -40.00000,
,,,0.004160900000, -39.20000,
,,,0.004161000000, -40.80000,
,,,0.004161100000, -39.20000,
,,,0.004161200000, -39.20000,
,,,0.004161300000, -39.20000,
,,,0.004161400000, -40.00000,
,,,0.004161500000, -40.00000,
,,,0.004161600000, -39.20000,
,,,0.004161700000, -39.20000,
,,,0.004161800000, -40.00000,
,,,0.004161900000, -40.00000,
,,,0.004162000000, -39.20000,
,,,0.004162100000, -39.20000,
,,,0.004162200000, -40.00000,
,,,0.004162300000, -40.00000,
,,,0.004162400000, -40.00000,
,,,0.004162500000, -39.20000,
,,,0.004162600000, -40.00000,
,,,0.004162700000, -39.20000,
,,,0.004162800000, -38.40000,
,,,0.004162900000, -40.00000,
,,,0.004163000000, -39.20000,
,,,0.004163100000, -40.00000,
,,,0.004163200000, -39.20000,
,,,0.004163300000, -40.80000,
,,,0.004163400000, -39.20000,
,,,0.004163500000, -40.00000,
,,,0.004163600000, -40.00000,
,,,0.004163700000, -40.00000,
,,,0.004163800000, -40.80000,
,,,0.004163900000, -40.00000,
,,,0.004164000000, -39.20000,
,,,0.004164100000, -40.00000,
,,,0.004164200000, -40.00000,
,,,0.004164300000, -39.20000,
,,,0.004164400000, -40.00000,
,,,0.004164500000, -40.00000,
,,,0.004164600000, -40.00000,
,,,0.004164700000, -40.00000,
,,,0.004164800000, -40.00000,
,,,0.004164900000, -39.20000,
,,,0.004165000000, -39.20000,
,,,0.004165100000, -39.20000,
,,,0.004165200000, -40.80000,
,,,0.004165300000, -39.20000,
,,,0.004165400000, -39.20000,
,,,0.004165500000, -39.20000,
,,,0.004165600000, -39.20000,
,,,0.004165700000, -39.20000,
,,,0.004165800000, -39.20000,
,,,0.004165900000, -40.00000,
,,,0.004166000000, -40.80000,
,,,0.004166100000, -40.00000,
,,,0.004166200000, -40.00000,
,,,0.004166300000, -39.20000,
,,,0.004166400000, -40.00000,
,,,0.004166500000, -40.00000,
,,,0.004166600000, -40.00000,
,,,0.004166700000, -39.20000,
,,,0.004166800000, -39.20000,
,,,0.004166900000, -40.80000,
,,,0.004167000000, -39.20000,
,,,0.004167100000, -38.40000,
,,,0.004167200000, -39.20000,
,,,0.004167300000, -40.00000,
,,,0.004167400000, -40.00000,
,,,0.004167500000, -40.00000,
,,,0.004167600000, -40.00000,
,,,0.004167700000, -40.00000,
,,,0.004167800000, -40.00000,
,,,0.004167900000, -39.20000,
,,,0.004168000000, -39.20000,
,,,0.004168100000, -40.00000,
,,,0.004168200000, -40.00000,
,,,0.004168300000, -39.20000,
,,,0.004168400000, -39.20000,
,,,0.004168500000, -40.00000,
,,,0.004168600000, -40.00000,
,,,0.004168700000, -40.00000,
,,,0.004168800000, -40.00000,
,,,0.004168900000, -39.20000,
,,,0.004169000000, -39.20000,
,,,0.004169100000, -39.20000,
,,,0.004169200000, -39.20000,
,,,0.004169300000, -39.20000,
,,,0.004169400000, -38.40000,
,,,0.004169500000, -40.00000,
,,,0.004169600000, -40.00000,
,,,0.004169700000, -40.00000,
,,,0.004169800000, -39.20000,
,,,0.004169900000, -39.20000,
,,,0.004170000000, -39.20000,
,,,0.004170100000, -39.20000,
,,,0.004170200000, -40.80000,
,,,0.004170300000, -40.00000,
,,,0.004170400000, -40.00000,
,,,0.004170500000, -39.20000,
,,,0.004170600000, -39.20000,
,,,0.004170700000, -39.20000,
,,,0.004170800000, -40.00000,
,,,0.004170900000, -40.00000,
,,,0.004171000000, -40.00000,
,,,0.004171100000, -40.00000,
,,,0.004171200000, -39.20000,
,,,0.004171300000, -39.20000,
,,,0.004171400000, -40.00000,
,,,0.004171500000, -40.00000,
,,,0.004171600000, -39.20000,
,,,0.004171700000, -40.00000,
,,,0.004171800000, -39.20000,
,,,0.004171900000, -39.20000,
,,,0.004172000000, -39.20000,
,,,0.004172100000, -39.20000,
,,,0.004172200000, -40.00000,
,,,0.004172300000, -40.00000,
,,,0.004172400000, -39.20000,
,,,0.004172500000, -40.00000,
,,,0.004172600000, -39.20000,
,,,0.004172700000, -40.00000,
,,,0.004172800000, -40.00000,
,,,0.004172900000, -38.40000,
,,,0.004173000000, -39.20000,
,,,0.004173100000, -40.00000,
,,,0.004173200000, -40.00000,
,,,0.004173300000, -40.00000,
,,,0.004173400000, -40.00000,
,,,0.004173500000, -39.20000,
,,,0.004173600000, -39.20000,
,,,0.004173700000, -39.20000,
,,,0.004173800000, -39.20000,
,,,0.004173900000, -39.20000,
,,,0.004174000000, -40.00000,
,,,0.004174100000, -40.00000,
,,,0.004174200000, -40.00000,
,,,0.004174300000, -39.20000,
,,,0.004174400000, -40.00000,
,,,0.004174500000, -40.00000,
,,,0.004174600000, -40.00000,
,,,0.004174700000, -40.00000,
,,,0.004174800000, -40.00000,
,,,0.004174900000, -39.20000,
,,,0.004175000000, -38.40000,
,,,0.004175100000, -40.00000,
,,,0.004175200000, -39.20000,
,,,0.004175300000, -39.20000,
,,,0.004175400000, -39.20000,
,,,0.004175500000, -39.20000,
,,,0.004175600000, -39.20000,
,,,0.004175700000, -39.20000,
,,,0.004175800000, -40.00000,
,,,0.004175900000, -40.00000,
,,,0.004176000000, -39.20000,
,,,0.004176100000, -39.20000,
,,,0.004176200000, -40.00000,
,,,0.004176300000, -40.00000,
,,,0.004176400000, -39.20000,
,,,0.004176500000, -39.20000,
,,,0.004176600000, -40.00000,
,,,0.004176700000, -39.20000,
,,,0.004176800000, -39.20000,
,,,0.004176900000, -39.20000,
,,,0.004177000000, -39.20000,
,,,0.004177100000, -39.20000,
,,,0.004177200000, -39.20000,
,,,0.004177300000, -40.00000,
,,,0.004177400000, -38.40000,
,,,0.004177500000, -39.20000,
,,,0.004177600000, -39.20000,
,,,0.004177700000, -38.40000,
,,,0.004177800000, -40.00000,
,,,0.004177900000, -40.00000,
,,,0.004178000000, -39.20000,
,,,0.004178100000, -39.20000,
,,,0.004178200000, -39.20000,
,,,0.004178300000, -40.00000,
,,,0.004178400000, -40.00000,
,,,0.004178500000, -40.00000,
,,,0.004178600000, -40.00000,
,,,0.004178700000, -40.00000,
,,,0.004178800000, -40.00000,
,,,0.004178900000, -39.20000,
,,,0.004179000000, -39.20000,
,,,0.004179100000, -39.20000,
,,,0.004179200000, -40.00000,
,,,0.004179300000, -40.00000,
,,,0.004179400000, -39.20000,
,,,0.004179500000, -40.00000,
,,,0.004179600000, -39.20000,
,,,0.004179700000, -39.20000,
,,,0.004179800000, -40.00000,
,,,0.004179900000, -40.00000,
,,,0.004180000000, -40.00000,
,,,0.004180100000, -41.60000,
,,,0.004180200000, -39.20000,
,,,0.004180300000, -39.20000,
,,,0.004180400000, -39.20000,
,,,0.004180500000, -39.20000,
,,,0.004180600000, -40.00000,
,,,0.004180700000, -40.00000,
,,,0.004180800000, -40.80000,
,,,0.004180900000, -40.00000,
,,,0.004181000000, -40.00000,
,,,0.004181100000, -39.20000,
,,,0.004181200000, -39.20000,
,,,0.004181300000, -38.40000,
,,,0.004181400000, -40.00000,
,,,0.004181500000, -39.20000,
,,,0.004181600000, -40.00000,
,,,0.004181700000, -40.80000,
,,,0.004181800000, -40.00000,
,,,0.004181900000, -39.20000,
,,,0.004182000000, -40.00000,
,,,0.004182100000, -39.20000,
,,,0.004182200000, -40.00000,
,,,0.004182300000, -40.00000,
,,,0.004182400000, -39.20000,
,,,0.004182500000, -38.40000,
,,,0.004182600000, -39.20000,
,,,0.004182700000, -40.00000,
,,,0.004182800000, -39.20000,
,,,0.004182900000, -40.00000,
,,,0.004183000000, -38.40000,
,,,0.004183100000, -40.00000,
,,,0.004183200000, -39.20000,
,,,0.004183300000, -40.00000,
,,,0.004183400000, -39.20000,
,,,0.004183500000, -38.40000,
,,,0.004183600000, -40.00000,
,,,0.004183700000, -40.00000,
,,,0.004183800000, -40.00000,
,,,0.004183900000, -40.00000,
,,,0.004184000000, -40.00000,
,,,0.004184100000, -39.20000,
,,,0.004184200000, -39.20000,
,,,0.004184300000, -40.00000,
,,,0.004184400000, -40.00000,
,,,0.004184500000, -40.00000,
,,,0.004184600000, -39.20000,
,,,0.004184700000, -40.80000,
,,,0.004184800000, -39.20000,
,,,0.004184900000, -39.20000,
,,,0.004185000000, -39.20000,
,,,0.004185100000, -40.00000,
,,,0.004185200000, -38.40000,
,,,0.004185300000, -39.20000,
,,,0.004185400000, -40.00000,
,,,0.004185500000, -39.20000,
,,,0.004185600000, -40.00000,
,,,0.004185700000, -38.40000,
,,,0.004185800000, -40.80000,
,,,0.004185900000, -39.20000,
,,,0.004186000000, -39.20000,
,,,0.004186100000, -39.20000,
,,,0.004186200000, -40.00000,
,,,0.004186300000, -40.00000,
,,,0.004186400000, -40.00000,
,,,0.004186500000, -40.00000,
,,,0.004186600000, -39.20000,
,,,0.004186700000, -40.00000,
,,,0.004186800000, -39.20000,
,,,0.004186900000, -39.20000,
,,,0.004187000000, -39.20000,
,,,0.004187100000, -40.00000,
,,,0.004187200000, -39.20000,
,,,0.004187300000, -39.20000,
,,,0.004187400000, -39.20000,
,,,0.004187500000, -39.20000,
,,,0.004187600000, -40.00000,
,,,0.004187700000, -40.00000,
,,,0.004187800000, -39.20000,
,,,0.004187900000, -39.20000,
,,,0.004188000000, -40.80000,
,,,0.004188100000, -39.20000,
,,,0.004188200000, -40.00000,
,,,0.004188300000, -40.00000,
,,,0.004188400000, -38.40000,
,,,0.004188500000, -40.80000,
,,,0.004188600000, -40.00000,
,,,0.004188700000, -38.40000,
,,,0.004188800000, -39.20000,
,,,0.004188900000, -40.00000,
,,,0.004189000000, -40.00000,
,,,0.004189100000, -39.20000,
,,,0.004189200000, -39.20000,
,,,0.004189300000, -39.20000,
,,,0.004189400000, -40.80000,
,,,0.004189500000, -39.20000,
,,,0.004189600000, -39.20000,
,,,0.004189700000, -40.00000,
,,,0.004189800000, -40.00000,
,,,0.004189900000, -39.20000,
,,,0.004190000000, -40.80000,
,,,0.004190100000, -40.80000,
,,,0.004190200000, -40.00000,
,,,0.004190300000, -39.20000,
,,,0.004190400000, -39.20000,
,,,0.004190500000, -39.20000,
,,,0.004190600000, -40.00000,
,,,0.004190700000, -40.00000,
,,,0.004190800000, -40.80000,
,,,0.004190900000, -40.00000,
,,,0.004191000000, -39.20000,
,,,0.004191100000, -40.00000,
,,,0.004191200000, -39.20000,
,,,0.004191300000, -39.20000,
,,,0.004191400000, -39.20000,
,,,0.004191500000, -40.00000,
,,,0.004191600000, -40.80000,
,,,0.004191700000, -39.20000,
,,,0.004191800000, -40.00000,
,,,0.004191900000, -39.20000,
,,,0.004192000000, -39.20000,
,,,0.004192100000, -39.20000,
,,,0.004192200000, -40.00000,
,,,0.004192300000, -40.80000,
,,,0.004192400000, -38.40000,
,,,0.004192500000, -39.20000,
,,,0.004192600000, -40.00000,
,,,0.004192700000, -39.20000,
,,,0.004192800000, -39.20000,
,,,0.004192900000, -40.00000,
,,,0.004193000000, -40.80000,
,,,0.004193100000, -40.00000,
,,,0.004193200000, -40.00000,
,,,0.004193300000, -39.20000,
,,,0.004193400000, -38.40000,
,,,0.004193500000, -40.00000,
,,,0.004193600000, -39.20000,
,,,0.004193700000, -39.20000,
,,,0.004193800000, -38.40000,
,,,0.004193900000, -39.20000,
,,,0.004194000000, -39.20000,
,,,0.004194100000, -40.00000,
,,,0.004194200000, -40.00000,
,,,0.004194300000, -39.20000,
,,,0.004194400000, -40.00000,
,,,0.004194500000, -39.20000,
,,,0.004194600000, -39.20000,
,,,0.004194700000, -39.20000,
,,,0.004194800000, -40.00000,
,,,0.004194900000, -39.20000,
,,,0.004195000000, -40.00000,
,,,0.004195100000, -39.20000,
,,,0.004195200000, -39.20000,
,,,0.004195300000, -38.40000,
,,,0.004195400000, -39.20000,
,,,0.004195500000, -39.20000,
,,,0.004195600000, -39.20000,
,,,0.004195700000, -40.00000,
,,,0.004195800000, -39.20000,
,,,0.004195900000, -39.20000,
,,,0.004196000000, -39.20000,
,,,0.004196100000, -40.80000,
,,,0.004196200000, -39.20000,
,,,0.004196300000, -39.20000,
,,,0.004196400000, -40.00000,
,,,0.004196500000, -39.20000,
,,,0.004196600000, -39.20000,
,,,0.004196700000, -39.20000,
,,,0.004196800000, -40.00000,
,,,0.004196900000, -39.20000,
,,,0.004197000000, -40.00000,
,,,0.004197100000, -40.00000,
,,,0.004197200000, -39.20000,
,,,0.004197300000, -39.20000,
,,,0.004197400000, -39.20000,
,,,0.004197500000, -39.20000,
,,,0.004197600000, -39.20000,
,,,0.004197700000, -39.20000,
,,,0.004197800000, -38.40000,
,,,0.004197900000, -39.20000,
,,,0.004198000000, -39.20000,
,,,0.004198100000, -39.20000,
,,,0.004198200000, -40.00000,
,,,0.004198300000, -39.20000,
,,,0.004198400000, -40.00000,
,,,0.004198500000, -39.20000,
,,,0.004198600000, -38.40000,
,,,0.004198700000, -39.20000,
,,,0.004198800000, -40.00000,
,,,0.004198900000, -38.40000,
,,,0.004199000000, -39.20000,
,,,0.004199100000, -39.20000,
,,,0.004199200000, -39.20000,
,,,0.004199300000, -40.00000,
,,,0.004199400000, -38.40000,
,,,0.004199500000, -40.00000,
,,,0.004199600000, -39.20000,
,,,0.004199700000, -40.00000,
,,,0.004199800000, -40.00000,
,,,0.004199900000, -40.80000,
,,,0.004200000000, -39.20000,
,,,0.004200100000, -39.20000,
,,,0.004200200000, -38.40000,
,,,0.004200300000, -39.20000,
,,,0.004200400000, -38.40000,
,,,0.004200500000, -39.20000,
,,,0.004200600000,  45.60000,
,,,0.004200700000,  29.60000,
,,,0.004200800000,  30.40000,
,,,0.004200900000,  31.20000,
,,,0.004201000000,  30.40000,
,,,0.004201100000,  30.40000,
,,,0.004201200000,  30.40000,
,,,0.004201300000,  30.40000,
,,,0.004201400000,  30.40000,
,,,0.004201500000,  29.60000,
,,,0.004201600000,  29.60000,
,,,0.004201700000,  30.40000,
,,,0.004201800000,  30.40000,
,,,0.004201900000,  30.40000,
,,,0.004202000000,  30.40000,
,,,0.004202100000,  30.40000,
,,,0.004202200000,  30.40000,
,,,0.004202300000,  30.40000,
,,,0.004202400000,  29.60000,
,,,0.004202500000,  29.60000,
,,,0.004202600000,  30.40000,
,,,0.004202700000,  29.60000,
,,,0.004202800000,  30.40000,
,,,0.004202900000,  29.60000,
,,,0.004203000000,  30.40000,
,,,0.004203100000,  30.40000,
,,,0.004203200000,  30.40000,
,,,0.004203300000,  30.40000,
,,,0.004203400000,  29.60000,
,,,0.004203500000,  29.60000,
,,,0.004203600000,  30.40000,
,,,0.004203700000,  31.20000,
,,,0.004203800000,  30.40000,
,,,0.004203900000,  29.60000,
,,,0.004204000000,  30.40000,
,,,0.004204100000,  30.40000,
,,,0.004204200000,  30.40000,
,,,0.004204300000,  29.60000,
,,,0.004204400000,  31.20000,
,,,0.004204500000,  30.40000,
,,,0.004204600000,  31.20000,
,,,0.004204700000,  30.40000,
,,,0.004204800000,  30.40000,
,,,0.004204900000,  29.60000,
,,,0.004205000000,  29.60000,
,,,0.004205100000,  30.40000,
,,,0.004205200000,  31.20000,
,,,0.004205300000,  31.20000,
,,,0.004205400000,  31.20000,
,,,0.004205500000,  29.60000,
,,,0.004205600000,  29.60000,
,,,0.004205700000,  30.40000,
,,,0.004205800000,  31.20000,
,,,0.004205900000,  30.40000,
,,,0.004206000000,  30.40000,
,,,0.004206100000,  31.20000,
,,,0.004206200000,  30.40000,
,,,0.004206300000,  30.40000,
,,,0.004206400000,  31.20000,
,,,0.004206500000,  30.40000,
,,,0.004206600000,  29.60000,
,,,0.004206700000,  30.40000,
,,,0.004206800000,  30.40000,
,,,0.004206900000,  30.40000,
,,,0.004207000000,  31.20000,
,,,0.004207100000,  30.40000,
,,,0.004207200000,  30.40000,
,,,0.004207300000,  30.40000,
,,,0.004207400000,  30.40000,
,,,0.004207500000,  31.20000,
,,,0.004207600000,  31.20000,
,,,0.004207700000,  29.60000,
,,,0.004207800000,  30.40000,
,,,0.004207900000,  30.40000,
,,,0.004208000000,  30.40000,
,,,0.004208100000,  31.20000,
,,,0.004208200000,  30.40000,
,,,0.004208300000,  30.40000,
,,,0.004208400000,  30.40000,
,,,0.004208500000,  30.40000,
,,,0.004208600000,  30.40000,
,,,0.004208700000,  30.40000,
,,,0.004208800000,  30.40000,
,,,0.004208900000,  30.40000,
,,,0.004209000000,  31.20000,
,,,0.004209100000,  30.40000,
,,,0.004209200000,  30.40000,
,,,0.004209300000,  30.40000,
,,,0.004209400000,  30.40000,
,,,0.004209500000,  30.40000,
,,,0.004209600000,  30.40000,
,,,0.004209700000,  31.20000,
,,,0.004209800000,  29.60000,
,,,0.004209900000,  30.40000,
,,,0.004210000000,  30.40000,
,,,0.004210100000,  30.40000,
,,,0.004210200000,  30.40000,
,,,0.004210300000,  30.40000,
,,,0.004210400000,  30.40000,
,,,0.004210500000,  29.60000,
,,,0.004210600000,  29.60000,
,,,0.004210700000,  30.40000,
,,,0.004210800000,  31.20000,
,,,0.004210900000,  31.20000,
,,,0.004211000000,  31.20000,
,,,0.004211100000,  30.40000,
,,,0.004211200000,  31.20000,
,,,0.004211300000,  30.40000,
,,,0.004211400000,  29.60000,
,,,0.004211500000,  29.60000,
,,,0.004211600000,  31.20000,
,,,0.004211700000,  31.20000,
,,,0.004211800000,  30.40000,
,,,0.004211900000,  31.20000,
,,,0.004212000000,  30.40000,
,,,0.004212100000,  31.20000,
,,,0.004212200000,  30.40000,
,,,0.004212300000,  31.20000,
,,,0.004212400000,  30.40000,
,,,0.004212500000,  31.20000,
,,,0.004212600000,  31.20000,
,,,0.004212700000,  31.20000,
,,,0.004212800000,  30.40000,
,,,0.004212900000,  31.20000,
,,,0.004213000000,  31.20000,
,,,0.004213100000,  30.40000,
,,,0.004213200000,  31.20000,
,,,0.004213300000,  31.20000,
,,,0.004213400000,  30.40000,
,,,0.004213500000,  32.00000,
,,,0.004213600000,  30.40000,
,,,0.004213700000,  31.20000,
,,,0.004213800000,  31.20000,
,,,0.004213900000,  31.20000,
,,,0.004214000000,  31.20000,
,,,0.004214100000,  31.20000,
,,,0.004214200000,  31.20000,
,,,0.004214300000,  31.20000,
,,,0.004214400000,  31.20000,
,,,0.004214500000,  31.20000,
,,,0.004214600000,  30.40000,
,,,0.004214700000,  30.40000,
,,,0.004214800000,  29.60000,
,,,0.004214900000,  30.40000,
,,,0.004215000000,  31.20000,
,,,0.004215100000,  30.40000,
,,,0.004215200000,  30.40000,
,,,0.004215300000,  30.40000,
,,,0.004215400000,  31.20000,
,,,0.004215500000,  29.60000,
,,,0.004215600000,  31.20000,
,,,0.004215700000,  30.40000,
,,,0.004215800000,  31.20000,
,,,0.004215900000,  30.40000,
,,,0.004216000000,  30.40000,
,,,0.004216100000,  30.40000,
,,,0.004216200000,  31.20000,
,,,0.004216300000,  31.20000,
,,,0.004216400000,  30.40000,
,,,0.004216500000,  30.40000,
,,,0.004216600000,  30.40000,
,,,0.004216700000,  30.40000,
,,,0.004216800000,  30.40000,
,,,0.004216900000,  30.40000,
,,,0.004217000000,  30.40000,
,,,0.004217100000,  30.40000,
,,,0.004217200000,  30.40000,
,,,0.004217300000,  30.40000,
,,,0.004217400000,  31.20000,
,,,0.004217500000,  31.20000,
,,,0.004217600000,  31.20000,
,,,0.004217700000,  30.40000,
,,,0.004217800000,  31.20000,
,,,0.004217900000,  30.40000,
,,,0.004218000000,  31.20000,
,,,0.004218100000,  31.20000,
,,,0.004218200000,  30.40000,
,,,0.004218300000,  31.20000,
,,,0.004218400000,  31.20000,
,,,0.004218500000,  31.20000,
,,,0.004218600000,  30.40000,
,,,0.004218700000,  31.20000,
,,,0.004218800000,  31.20000,
,,,0.004218900000,  31.20000,
,,,0.004219000000,  31.20000,
,,,0.004219100000,  30.40000,
,,,0.004219200000,  30.40000,
,,,0.004219300000,  30.40000,
,,,0.004219400000,  30.40000,
,,,0.004219500000,  31.20000,
,,,0.004219600000,  31.20000,
,,,0.004219700000,  29.60000,
,,,0.004219800000,  30.40000,
,,,0.004219900000,  30.40000,
,,,0.004220000000,  31.20000,
,,,0.004220100000,  30.40000,
,,,0.004220200000,  30.40000,
,,,0.004220300000,  31.20000,
,,,0.004220400000,  29.60000,
,,,0.004220500000,  30.40000,
,,,0.004220600000,  30.40000,
,,,0.004220700000,  30.40000,
,,,0.004220800000,  31.20000,
,,,0.004220900000,  30.40000,
,,,0.004221000000,  32.00000,
,,,0.004221100000,  31.20000,
,,,0.004221200000,  31.20000,
,,,0.004221300000,  29.60000,
,,,0.004221400000,  29.60000,
,,,0.004221500000,  31.20000,
,,,0.004221600000,  29.60000,
,,,0.004221700000,  31.20000,
,,,0.004221800000,  30.40000,
,,,0.004221900000,  30.40000,
,,,0.004222000000,  31.20000,
,,,0.004222100000,  30.40000,
,,,0.004222200000,  30.40000,
,,,0.004222300000,  30.40000,
,,,0.004222400000,  31.20000,
,,,0.004222500000,  30.40000,
,,,0.004222600000,  30.40000,
,,,0.004222700000,  30.40000,
,,,0.004222800000,  31.20000,
,,,0.004222900000,  31.20000,
,,,0.004223000000,  31.20000,
,,,0.004223100000,  30.40000,
,,,0.004223200000,  30.40000,
,,,0.004223300000,  30.40000,
,,,0.004223400000,  31.20000,
,,,0.004223500000,  31.20000,
,,,0.004223600000,  30.40000,
,,,0.004223700000,  30.40000,
,,,0.004223800000,  31.20000,
,,,0.004223900000,  30.40000,
,,,0.004224000000,  31.20000,
,,,0.004224100000,  30.40000,
,,,0.004224200000,  31.20000,
,,,0.004224300000,  31.20000,
,,,0.004224400000,  32.00000,
,,,0.004224500000,  31.20000,
,,,0.004224600000,  30.40000,
,,,0.004224700000,  29.60000,
,,,0.004224800000,  32.00000,
,,,0.004224900000,  31.20000,
,,,0.004225000000,  30.40000,
,,,0.004225100000,  30.40000,
,,,0.004225200000,  31.20000,
,,,0.004225300000,  31.20000,
,,,0.004225400000,  30.40000,
,,,0.004225500000,  30.40000,
,,,0.004225600000,  31.20000,
,,,0.004225700000,  30.40000,
,,,0.004225800000,  30.40000,
,,,0.004225900000,  31.20000,
,,,0.004226000000,  31.20000,
,,,0.004226100000,  31.20000,
,,,0.004226200000,  31.20000,
,,,0.004226300000,  30.40000,
,,,0.004226400000,  30.40000,
,,,0.004226500000,  31.20000,
,,,0.004226600000,  30.40000,
,,,0.004226700000,  30.40000,
,,,0.004226800000,  30.40000,
,,,0.004226900000,  31.20000,
,,,0.004227000000,  31.20000,
,,,0.004227100000,  30.40000,
,,,0.004227200000,  31.20000,
,,,0.004227300000,  31.20000,
,,,0.004227400000,  31.20000,
,,,0.004227500000,  30.40000,
,,,0.004227600000,  30.40000,
,,,0.004227700000,  30.40000,
,,,0.004227800000,  31.20000,
,,,0.004227900000,  30.40000,
,,,0.004228000000,  30.40000,
,,,0.004228100000,  30.40000,
,,,0.004228200000,  30.40000,
,,,0.004228300000,  31.20000,
,,,0.004228400000,  31.20000,
,,,0.004228500000,  31.20000,
,,,0.004228600000,  31.20000,
,,,0.004228700000,  31.20000,
,,,0.004228800000,  31.20000,
,,,0.004228900000,  31.20000,
,,,0.004229000000,  30.40000,
,,,0.004229100000,  31.20000,
,,,0.004229200000,  30.40000,
,,,0.004229300000,  30.40000,
,,,0.004229400000,  30.40000,
,,,0.004229500000,  32.00000,
,,,0.004229600000,  31.20000,
,,,0.004229700000,  30.40000,
,,,0.004229800000,  30.40000,
,,,0.004229900000,  31.20000,
,,,0.004230000000,  31.20000,
,,,0.004230100000,  30.40000,
,,,0.004230200000,  30.40000,
,,,0.004230300000,  29.60000,
,,,0.004230400000,  30.40000,
,,,0.004230500000,  30.40000,
,,,0.004230600000,  30.40000,
,,,0.004230700000,  30.40000,
,,,0.004230800000,  31.20000,
,,,0.004230900000,  30.40000,
,,,0.004231000000,  31.20000,
,,,0.004231100000,  31.20000,
,,,0.004231200000,  30.40000,
,,,0.004231300000,  29.60000,
,,,0.004231400000,  31.20000,
,,,0.004231500000,  30.40000,
,,,0.004231600000,  31.20000,
,,,0.004231700000,  31.20000,
,,,0.004231800000,  30.40000,
,,,0.004231900000,  31.20000,
,,,0.004232000000,  30.40000,
,,,0.004232100000,  30.40000,
,,,0.004232200000,  30.40000,
,,,0.004232300000,  30.40000,
,,,0.004232400000,  30.40000,
,,,0.004232500000,  31.20000,
,,,0.004232600000,  31.20000,
,,,0.004232700000,  31.20000,
,,,0.004232800000,  31.20000,
,,,0.004232900000,  31.20000,
,,,0.004233000000,  31.20000,
,,,0.004233100000,  31.20000,
,,,0.004233200000,  30.40000,
,,,0.004233300000,  30.40000,
,,,0.004233400000,  31.20000,
,,,0.004233500000,  30.40000,
,,,0.004233600000,  30.40000,
,,,0.004233700000,  30.40000,
,,,0.004233800000,  31.20000,
,,,0.004233900000,  31.20000,
,,,0.004234000000,  30.40000,
,,,0.004234100000,  31.20000,
,,,0.004234200000,  31.20000,
,,,0.004234300000,  31.20000,
,,,0.004234400000,  30.40000,
,,,0.004234500000,  31.20000,
,,,0.004234600000,  30.40000,
,,,0.004234700000,  31.20000,
,,,0.004234800000,  31.20000,
,,,0.004234900000,  31.20000,
,,,0.004235000000,  31.20000,
,,,0.004235100000,  30.40000,
,,,0.004235200000,  31.20000,
,,,0.004235300000,  30.40000,
,,,0.004235400000,  31.20000,
,,,0.004235500000,  31.20000,
,,,0.004235600000,  30.40000,
,,,0.004235700000,  29.60000,
,,,0.004235800000,  31.20000,
,,,0.004235900000,  31.20000,
,,,0.004236000000,  31.20000,
,,,0.004236100000,  31.20000,
,,,0.004236200000,  31.20000,
,,,0.004236300000,  31.20000,
,,,0.004236400000,  31.20000,
,,,0.004236500000,  31.20000,
,,,0.004236600000,  30.40000,
,,,0.004236700000,  31.20000,
,,,0.004236800000,  31.20000,
,,,0.004236900000,  30.40000,
,,,0.004237000000,  30.40000,
,,,0.004237100000,  31.20000,
,,,0.004237200000,  29.60000,
,,,0.004237300000,  31.20000,
,,,0.004237400000,  31.20000,
,,,0.004237500000,  31.20000,
,,,0.004237600000,  31.20000,
,,,0.004237700000,  31.20000,
,,,0.004237800000,  31.20000,
,,,0.004237900000,  31.20000,
,,,0.004238000000,  30.40000,
,,,0.004238100000,  31.20000,
,,,0.004238200000,  30.40000,
,,,0.004238300000,  30.40000,
,,,0.004238400000,  30.40000,
,,,0.004238500000,  30.40000,
,,,0.004238600000,  31.20000,
,,,0.004238700000,  31.20000,
,,,0.004238800000,  31.20000,
,,,0.004238900000,  30.40000,
,,,0.004239000000,  31.20000,
,,,0.004239100000,  30.40000,
,,,0.004239200000,  30.40000,
,,,0.004239300000,  31.20000,
,,,0.004239400000,  31.20000,
,,,0.004239500000,  30.40000,
,,,0.004239600000,  29.60000,
,,,0.004239700000,  30.40000,
,,,0.004239800000,  31.20000,
,,,0.004239900000,  31.20000,
,,,0.004240000000,  31.20000,
,,,0.004240100000,  31.20000,
,,,0.004240200000,  29.60000,
,,,0.004240300000,  30.40000,
,,,0.004240400000,  30.40000,
,,,0.004240500000,  31.20000,
,,,0.004240600000,  31.20000,
,,,0.004240700000,  30.40000,
,,,0.004240800000,  30.40000,
,,,0.004240900000,  31.20000,
,,,0.004241000000,  30.40000,
,,,0.004241100000,  29.60000,
,,,0.004241200000,  29.60000,
,,,0.004241300000,  31.20000,
,,,0.004241400000,  30.40000,
,,,0.004241500000,  31.20000,
,,,0.004241600000,  31.20000,
,,,0.004241700000,  30.40000,
,,,0.004241800000,  30.40000,
,,,0.004241900000,  31.20000,
,,,0.004242000000,  30.40000,
,,,0.004242100000,  31.20000,
,,,0.004242200000,  30.40000,
,,,0.004242300000,  31.20000,
,,,0.004242400000,  31.20000,
,,,0.004242500000,  31.20000,
,,,0.004242600000,  31.20000,
,,,0.004242700000,  31.20000,
,,,0.004242800000,  30.40000,
,,,0.004242900000,  31.20000,
,,,0.004243000000,  30.40000,
,,,0.004243100000,  31.20000,
,,,0.004243200000,  30.40000,
,,,0.004243300000,  31.20000,
,,,0.004243400000,  31.20000,
,,,0.004243500000,  31.20000,
,,,0.004243600000,  31.20000,
,,,0.004243700000,  31.20000,
,,,0.004243800000,  30.40000,
,,,0.004243900000,  30.40000,
,,,0.004244000000,  31.20000,
,,,0.004244100000,  31.20000,
,,,0.004244200000,  31.20000,
,,,0.004244300000,  31.20000,
,,,0.004244400000,  30.40000,
,,,0.004244500000,  31.20000,
,,,0.004244600000,  31.20000,
,,,0.004244700000,  31.20000,
,,,0.004244800000,  30.40000,
,,,0.004244900000,  31.20000,
,,,0.004245000000,  30.40000,
,,,0.004245100000,  32.00000,
,,,0.004245200000,  29.60000,
,,,0.004245300000,  31.20000,
,,,0.004245400000,  30.40000,
,,,0.004245500000,  30.40000,
,,,0.004245600000,  30.40000,
,,,0.004245700000,  30.40000,
,,,0.004245800000,  31.20000,
,,,0.004245900000,  30.40000,
,,,0.004246000000,  31.20000,
,,,0.004246100000,  31.20000,
,,,0.004246200000,  31.20000,
,,,0.004246300000,  30.40000,
,,,0.004246400000,  31.20000,
,,,0.004246500000,  30.40000,
,,,0.004246600000,  31.20000,
,,,0.004246700000,  30.40000,
,,,0.004246800000,  31.20000,
,,,0.004246900000,  30.40000,
,,,0.004247000000,  31.20000,
,,,0.004247100000,  31.20000,
,,,0.004247200000,  30.40000,
,,,0.004247300000,  31.20000,
,,,0.004247400000,  31.20000,
,,,0.004247500000,  30.40000,
,,,0.004247600000,  30.40000,
,,,0.004247700000,  30.40000,
,,,0.004247800000,  31.20000,
,,,0.004247900000,  30.40000,
,,,0.004248000000,  31.20000,
,,,0.004248100000,  31.20000,
,,,0.004248200000,  30.40000,
,,,0.004248300000,  30.40000,
,,,0.004248400000,  31.20000,
,,,0.004248500000,  30.40000,
,,,0.004248600000,  30.40000,
,,,0.004248700000,  31.20000,
,,,0.004248800000,  29.60000,
,,,0.004248900000,  30.40000,
,,,0.004249000000,  30.40000,
,,,0.004249100000,  31.20000,
,,,0.004249200000,  30.40000,
,,,0.004249300000,  31.20000,
,,,0.004249400000,  29.60000,
,,,0.004249500000,  30.40000,
,,,0.004249600000,  30.40000,
,,,0.004249700000,  30.40000,
,,,0.004249800000,  30.40000,
,,,0.004249900000,  31.20000,
,,,0.004250000000,  30.40000,
,,,0.004250100000,  29.60000,
,,,0.004250200000,  30.40000,
,,,0.004250300000,  31.20000,
,,,0.004250400000,  30.40000,
,,,0.004250500000,  30.40000,
,,,0.004250600000,  31.20000,
,,,0.004250700000,  30.40000,
,,,0.004250800000,  30.40000,
,,,0.004250900000,  31.20000,
,,,0.004251000000,  31.20000,
,,,0.004251100000,  30.40000,
,,,0.004251200000,  31.20000,
,,,0.004251300000,  30.40000,
,,,0.004251400000,  31.20000,
,,,0.004251500000,  30.40000,
,,,0.004251600000,  31.20000,
,,,0.004251700000,  30.40000,
,,,0.004251800000,  31.20000,
,,,0.004251900000,  31.20000,
,,,0.004252000000,  30.40000,
,,,0.004252100000,  30.40000,
,,,0.004252200000,  30.40000,
,,,0.004252300000,  30.40000,
,,,0.004252400000,  30.40000,
,,,0.004252500000,  31.20000,
,,,0.004252600000,  30.40000,
,,,0.004252700000,  30.40000,
,,,0.004252800000,  31.20000,
,,,0.004252900000,  30.40000,
,,,0.004253000000,  30.40000,
,,,0.004253100000,  31.20000,
,,,0.004253200000,  30.40000,
,,,0.004253300000,  30.40000,
,,,0.004253400000,  30.40000,
,,,0.004253500000,  31.20000,
,,,0.004253600000,  30.40000,
,,,0.004253700000,  31.20000,
,,,0.004253800000,  30.40000,
,,,0.004253900000,  31.20000,
,,,0.004254000000,  31.20000,
,,,0.004254100000,  31.20000,
,,,0.004254200000,  30.40000,
,,,0.004254300000,  30.40000,
,,,0.004254400000,  28.80000,
,,,0.004254500000,  30.40000,
,,,0.004254600000,  31.20000,
,,,0.004254700000,  30.40000,
,,,0.004254800000,  31.20000,
,,,0.004254900000,  30.40000,
,,,0.004255000000,  31.20000,
,,,0.004255100000,  30.40000,
,,,0.004255200000,  31.20000,
,,,0.004255300000,  30.40000,
,,,0.004255400000,  30.40000,
,,,0.004255500000,  30.40000,
,,,0.004255600000,  30.40000,
,,,0.004255700000,  30.40000,
,,,0.004255800000,  31.20000,
,,,0.004255900000,  31.20000,
,,,0.004256000000,  30.40000,
,,,0.004256100000,  30.40000,
,,,0.004256200000,  30.40000,
,,,0.004256300000,  31.20000,
,,,0.004256400000,  31.20000,
,,,0.004256500000,  31.20000,
,,,0.004256600000,  30.40000,
,,,0.004256700000,  31.20000,
,,,0.004256800000,  30.40000,
,,,0.004256900000,  31.20000,
,,,0.004257000000,  30.40000,
,,,0.004257100000,  31.20000,
,,,0.004257200000,  30.40000,
,,,0.004257300000,  31.20000,
,,,0.004257400000,  30.40000,
,,,0.004257500000,  31.20000,
,,,0.004257600000,  30.40000,
,,,0.004257700000,  31.20000,
,,,0.004257800000,  29.60000,
,,,0.004257900000,  31.20000,
,,,0.004258000000,  29.60000,
,,,0.004258100000,  31.20000,
,,,0.004258200000,  31.20000,
,,,0.004258300000,  32.00000,
,,,0.004258400000,  31.20000,
,,,0.004258500000,  31.20000,
,,,0.004258600000,  30.40000,
,,,0.004258700000,  30.40000,
,,,0.004258800000,  30.40000,
,,,0.004258900000,  30.40000,
,,,0.004259000000,  31.20000,
,,,0.004259100000,  31.20000,
,,,0.004259200000,  31.20000,
,,,0.004259300000,  30.40000,
,,,0.004259400000,  30.40000,
,,,0.004259500000,  30.40000,
,,,0.004259600000,  31.20000,
,,,0.004259700000,  31.20000,
,,,0.004259800000,  30.40000,
,,,0.004259900000,  32.00000,
,,,0.004260000000,  30.40000,
,,,0.004260100000,  29.60000,
,,,0.004260200000,  29.60000,
,,,0.004260300000,  31.20000,
,,,0.004260400000,  31.20000,
,,,0.004260500000,  31.20000,
,,,0.004260600000,  31.20000,
,,,0.004260700000,  30.40000,
,,,0.004260800000,  31.20000,
,,,0.004260900000,  30.40000,
,,,0.004261000000,  30.40000,
,,,0.004261100000,  30.40000,
,,,0.004261200000,  30.40000,
,,,0.004261300000,  30.40000,
,,,0.004261400000,  31.20000,
,,,0.004261500000,  30.40000,
,,,0.004261600000,  30.40000,
,,,0.004261700000,  32.00000,
,,,0.004261800000,  31.20000,
,,,0.004261900000,  30.40000,
,,,0.004262000000,  29.60000,
,,,0.004262100000,  30.40000,
,,,0.004262200000,  31.20000,
,,,0.004262300000,  30.40000,
,,,0.004262400000,  31.20000,
,,,0.004262500000,  30.40000,
,,,0.004262600000,  30.40000,
,,,0.004262700000,  31.20000,
,,,0.004262800000,  31.20000,
,,,0.004262900000,  30.40000,
,,,0.004263000000,  31.20000,
,,,0.004263100000,  31.20000,
,,,0.004263200000,  30.40000,
,,,0.004263300000,  30.40000,
,,,0.004263400000,  30.40000,
,,,0.004263500000,  31.20000,
,,,0.004263600000,  30.40000,
,,,0.004263700000,  30.40000,
,,,0.004263800000,  31.20000,
,,,0.004263900000,  30.40000,
,,,0.004264000000,  30.40000,
,,,0.004264100000,  31.20000,
,,,0.004264200000,  30.40000,
,,,0.004264300000,  29.60000,
,,,0.004264400000,  30.40000,
,,,0.004264500000,  31.20000,
,,,0.004264600000,  30.40000,
,,,0.004264700000,  31.20000,
,,,0.004264800000,  31.20000,
,,,0.004264900000,  30.40000,
,,,0.004265000000,  29.60000,
,,,0.004265100000,  30.40000,
,,,0.004265200000,  30.40000,
,,,0.004265300000,  30.40000,
,,,0.004265400000,  30.40000,
,,,0.004265500000,  31.20000,
,,,0.004265600000,  31.20000,
,,,0.004265700000,  31.20000,
,,,0.004265800000,  30.40000,
,,,0.004265900000,  31.20000,
,,,0.004266000000,  30.40000,
,,,0.004266100000,  31.20000,
,,,0.004266200000,  30.40000,
,,,0.004266300000,  31.20000,
,,,0.004266400000,  31.20000,
,,,0.004266500000,  30.40000,
,,,0.004266600000,  31.20000,
,,,0.004266700000,  30.40000,
,,,0.004266800000,  32.00000,
,,,0.004266900000,  30.40000,
,,,0.004267000000,  31.20000,
,,,0.004267100000,  30.40000,
,,,0.004267200000,  32.00000,
,,,0.004267300000,  30.40000,
,,,0.004267400000,  31.20000,
,,,0.004267500000,  31.20000,
,,,0.004267600000,  31.20000,
,,,0.004267700000,  30.40000,
,,,0.004267800000,  30.40000,
,,,0.004267900000,  30.40000,
,,,0.004268000000,  31.20000,
,,,0.004268100000,  31.20000,
,,,0.004268200000,  30.40000,
,,,0.004268300000,  31.20000,
,,,0.004268400000,  30.40000,
,,,0.004268500000,  31.20000,
,,,0.004268600000,  29.60000,
,,,0.004268700000,  32.00000,
,,,0.004268800000,  31.20000,
,,,0.004268900000,  30.40000,
,,,0.004269000000,  30.40000,
,,,0.004269100000,  30.40000,
,,,0.004269200000,  29.60000,
,,,0.004269300000,  30.40000,
,,,0.004269400000,  29.60000,
,,,0.004269500000,  30.40000,
,,,0.004269600000,  31.20000,
,,,0.004269700000,  30.40000,
,,,0.004269800000,  30.40000,
,,,0.004269900000,  30.40000,
,,,0.004270000000,  29.60000,
,,,0.004270100000,  30.40000,
,,,0.004270200000,  31.20000,
,,,0.004270300000,  30.40000,
,,,0.004270400000,  31.20000,
,,,0.004270500000,  30.40000,
,,,0.004270600000,  30.40000,
,,,0.004270700000,  31.20000,
,,,0.004270800000,  29.60000,
,,,0.004270900000,  29.60000,
,,,0.004271000000,  31.20000,
,,,0.004271100000,  30.40000,
,,,0.004271200000,  30.40000,
,,,0.004271300000,  31.20000,
,,,0.004271400000,  31.20000,
,,,0.004271500000,  30.40000,
,,,0.004271600000,  30.40000,
,,,0.004271700000,  31.20000,
,,,0.004271800000,  30.40000,
,,,0.004271900000,  30.40000,
,,,0.004272000000,  30.40000,
,,,0.004272100000,  30.40000,
,,,0.004272200000,  31.20000,
,,,0.004272300000,  32.00000,
,,,0.004272400000,  30.40000,
,,,0.004272500000,  30.40000,
,,,0.004272600000,  31.20000,
,,,0.004272700000,  32.00000,
,,,0.004272800000,  30.40000,
,,,0.004272900000,  31.20000,
,,,0.004273000000,  31.20000,
,,,0.004273100000,  32.00000,
,,,0.004273200000,  31.20000,
,,,0.004273300000,  31.20000,
,,,0.004273400000,  31.20000,
,,,0.004273500000,  31.20000,
,,,0.004273600000,  30.40000,
,,,0.004273700000,  31.20000,
,,,0.004273800000,  30.40000,
,,,0.004273900000,  30.40000,
,,,0.004274000000,  32.00000,
,,,0.004274100000,  31.20000,
,,,0.004274200000,  29.60000,
,,,0.004274300000,  31.20000,
,,,0.004274400000,  30.40000,
,,,0.004274500000,  31.20000,
,,,0.004274600000,  30.40000,
,,,0.004274700000,  31.20000,
,,,0.004274800000,  31.20000,
,,,0.004274900000,  30.40000,
,,,0.004275000000,  31.20000,
,,,0.004275100000,  30.40000,
,,,0.004275200000,  30.40000,
,,,0.004275300000,  29.60000,
,,,0.004275400000,  30.40000,
,,,0.004275500000,  30.40000,
,,,0.004275600000,  31.20000,
,,,0.004275700000,  31.20000,
,,,0.004275800000,  30.40000,
,,,0.004275900000,  30.40000,
,,,0.004276000000,  31.20000,
,,,0.004276100000,  30.40000,
,,,0.004276200000,  31.20000,
,,,0.004276300000,  30.40000,
,,,0.004276400000,  30.40000,
,,,0.004276500000,  30.40000,
,,,0.004276600000,  31.20000,
,,,0.004276700000,  31.20000,
,,,0.004276800000,  31.20000,
,,,0.004276900000,  31.20000,
,,,0.004277000000,  31.20000,
,,,0.004277100000,  31.20000,
,,,0.004277200000,  30.40000,
,,,0.004277300000,  30.40000,
,,,0.004277400000,  31.20000,
,,,0.004277500000,  31.20000,
,,,0.004277600000,  29.60000,
,,,0.004277700000,  31.20000,
,,,0.004277800000,  31.20000,
,,,0.004277900000,  31.20000,
,,,0.004278000000,  30.40000,
,,,0.004278100000,  31.20000,
,,,0.004278200000,  32.00000,
,,,0.004278300000,  30.40000,
,,,0.004278400000,  31.20000,
,,,0.004278500000,  30.40000,
,,,0.004278600000,  30.40000,
,,,0.004278700000,  30.40000,
,,,0.004278800000,  31.20000,
,,,0.004278900000,  31.20000,
,,,0.004279000000,  30.40000,
,,,0.004279100000,  29.60000,
,,,0.004279200000,  31.20000,
,,,0.004279300000,  31.20000,
,,,0.004279400000,  31.20000,
,,,0.004279500000,  30.40000,
,,,0.004279600000,  31.20000,
,,,0.004279700000,  32.00000,
,,,0.004279800000,  30.40000,
,,,0.004279900000,  29.60000,
,,,0.004280000000,  31.20000,
,,,0.004280100000,  30.40000,
,,,0.004280200000,  30.40000,
,,,0.004280300000,  31.20000,
,,,0.004280400000,  30.40000,
,,,0.004280500000,  31.20000,
,,,0.004280600000,  31.20000,
,,,0.004280700000,  29.60000,
,,,0.004280800000,  30.40000,
,,,0.004280900000,  30.40000,
,,,0.004281000000,  31.20000,
,,,0.004281100000,  30.40000,
,,,0.004281200000,  31.20000,
,,,0.004281300000,  31.20000,
,,,0.004281400000,  30.40000,
,,,0.004281500000,  30.40000,
,,,0.004281600000,  30.40000,
,,,0.004281700000,  29.60000,
,,,0.004281800000,  31.20000,
,,,0.004281900000,  31.20000,
,,,0.004282000000,  30.40000,
,,,0.004282100000,  30.40000,
,,,0.004282200000,  32.00000,
,,,0.004282300000,  30.40000,
,,,0.004282400000,  31.20000,
,,,0.004282500000,  31.20000,
,,,0.004282600000,  31.20000,
,,,0.004282700000,  31.20000,
,,,0.004282800000,  30.40000,
,,,0.004282900000,  31.20000,
,,,0.004283000000,  31.20000,
,,,0.004283100000,  30.40000,
,,,0.004283200000,  31.20000,
,,,0.004283300000,  31.20000,
,,,0.004283400000,  31.20000,
,,,0.004283500000,  29.60000,
,,,0.004283600000,  31.20000,
,,,0.004283700000,  30.40000,
,,,0.004283800000,  31.20000,
,,,0.004283900000,  31.20000,
,,,0.004284000000,  30.40000,
,,,0.004284100000,  28.80000,
,,,0.004284200000,  30.40000,
,,,0.004284300000,  31.20000,
,,,0.004284400000,  30.40000,
,,,0.004284500000,  31.20000,
,,,0.004284600000,  31.20000,
,,,0.004284700000,  31.20000,
,,,0.004284800000,  29.60000,
,,,0.004284900000,  31.20000,
,,,0.004285000000,  31.20000,
,,,0.004285100000,  30.40000,
,,,0.004285200000,  30.40000,
,,,0.004285300000,  30.40000,
,,,0.004285400000,  30.40000,
,,,0.004285500000,  31.20000,
,,,0.004285600000,  30.40000,
,,,0.004285700000,  31.20000,
,,,0.004285800000,  31.20000,
,,,0.004285900000,  30.40000,
,,,0.004286000000,  30.40000,
,,,0.004286100000,  31.20000,
,,,0.004286200000,  31.20000,
,,,0.004286300000,  31.20000,
,,,0.004286400000,  31.20000,
,,,0.004286500000,  29.60000,
,,,0.004286600000,  31.20000,
,,,0.004286700000,  31.20000,
,,,0.004286800000,  31.20000,
,,,0.004286900000,  31.20000,
,,,0.004287000000,  31.20000,
,,,0.004287100000,  31.20000,
,,,0.004287200000,  32.00000,
,,,0.004287300000,  31.20000,
,,,0.004287400000,  30.40000,
,,,0.004287500000,  29.60000,
,,,0.004287600000,  31.20000,
,,,0.004287700000,  30.40000,
,,,0.004287800000,  30.40000,
,,,0.004287900000,  30.40000,
,,,0.004288000000,  30.40000,
,,,0.004288100000,  30.40000,
,,,0.004288200000,  30.40000,
,,,0.004288300000,  31.20000,
,,,0.004288400000,  30.40000,
,,,0.004288500000,  30.40000,
,,,0.004288600000,  30.40000,
,,,0.004288700000,  31.20000,
,,,0.004288800000,  30.40000,
,,,0.004288900000,  31.20000,
,,,0.004289000000,  29.60000,
,,,0.004289100000,  30.40000,
,,,0.004289200000,  31.20000,
,,,0.004289300000,  31.20000,
,,,0.004289400000,  31.20000,
,,,0.004289500000,  30.40000,
,,,0.004289600000,  30.40000,
,,,0.004289700000,  30.40000,
,,,0.004289800000,  30.40000,
,,,0.004289900000,  31.20000,
,,,0.004290000000,  30.40000,
,,,0.004290100000,  31.20000,
,,,0.004290200000,  31.20000,
,,,0.004290300000,  31.20000,
,,,0.004290400000,  31.20000,
,,,0.004290500000,  31.20000,
,,,0.004290600000,  30.40000,
,,,0.004290700000,  29.60000,
,,,0.004290800000,  31.20000,
,,,0.004290900000,  30.40000,
,,,0.004291000000,  30.40000,
,,,0.004291100000,  31.20000,
,,,0.004291200000,  31.20000,
,,,0.004291300000,  30.40000,
,,,0.004291400000,  32.00000,
,,,0.004291500000,  31.20000,
,,,0.004291600000,  30.40000,
,,,0.004291700000,  31.20000,
,,,0.004291800000,  31.20000,
,,,0.004291900000,  30.40000,
,,,0.004292000000,  30.40000,
,,,0.004292100000,  31.20000,
,,,0.004292200000,  30.40000,
,,,0.004292300000,  30.40000,
,,,0.004292400000,  31.20000,
,,,0.004292500000,  30.40000,
,,,0.004292600000,  30.40000,
,,,0.004292700000,  30.40000,
,,,0.004292800000,  31.20000,
,,,0.004292900000,  31.20000,
,,,0.004293000000,  31.20000,
,,,0.004293100000,  30.40000,
,,,0.004293200000,  31.20000,
,,,0.004293300000,  30.40000,
,,,0.004293400000,  29.60000,
,,,0.004293500000,  31.20000,
,,,0.004293600000,  31.20000,
,,,0.004293700000,  31.20000,
,,,0.004293800000,  30.40000,
,,,0.004293900000,  29.60000,
,,,0.004294000000,  28.80000,
,,,0.004294100000,  30.40000,
,,,0.004294200000,  31.20000,
,,,0.004294300000,  30.40000,
,,,0.004294400000,  30.40000,
,,,0.004294500000,  30.40000,
,,,0.004294600000,  30.40000,
,,,0.004294700000,  30.40000,
,,,0.004294800000,  30.40000,
,,,0.004294900000,  31.20000,
,,,0.004295000000,  30.40000,
,,,0.004295100000,  30.40000,
,,,0.004295200000,  31.20000,
,,,0.004295300000,  30.40000,
,,,0.004295400000,  30.40000,
,,,0.004295500000,  31.20000,
,,,0.004295600000,  31.20000,
,,,0.004295700000,  30.40000,
,,,0.004295800000,  30.40000,
,,,0.004295900000,  30.40000,
,,,0.004296000000,  31.20000,
,,,0.004296100000,  31.20000,
,,,0.004296200000,  30.40000,
,,,0.004296300000,  31.20000,
,,,0.004296400000,  31.20000,
,,,0.004296500000,  30.40000,
,,,0.004296600000,  30.40000,
,,,0.004296700000,  31.20000,
,,,0.004296800000,  31.20000,
,,,0.004296900000,  30.40000,
,,,0.004297000000,  30.40000,
,,,0.004297100000,  29.60000,
,,,0.004297200000,  31.20000,
,,,0.004297300000,  31.20000,
,,,0.004297400000,  30.40000,
,,,0.004297500000,  31.20000,
,,,0.004297600000,  29.60000,
,,,0.004297700000,  30.40000,
,,,0.004297800000,  30.40000,
,,,0.004297900000,  30.40000,
,,,0.004298000000,  31.20000,
,,,0.004298100000,  30.40000,
,,,0.004298200000,  31.20000,
,,,0.004298300000,  29.60000,
,,,0.004298400000,  30.40000,
,,,0.004298500000,  30.40000,
,,,0.004298600000,  31.20000,
,,,0.004298700000,  30.40000,
,,,0.004298800000,  30.40000,
,,,0.004298900000,  29.60000,
,,,0.004299000000,  30.40000,
,,,0.004299100000,  31.20000,
,,,0.004299200000,  30.40000,
,,,0.004299300000,  30.40000,
,,,0.004299400000,  30.40000,
,,,0.004299500000,  31.20000,
,,,0.004299600000,  29.60000,
,,,0.004299700000,  29.60000,
,,,0.004299800000,  31.20000,
,,,0.004299900000,  30.40000,
,,,0.004300000000,  31.20000,
,,,0.004300100000,  31.20000,
,,,0.004300200000,  30.40000,
,,,0.004300300000,  31.20000,
,,,0.004300400000,  30.40000,
,,,0.004300500000,  29.60000,
,,,0.004300600000, -53.60000,
,,,0.004300700000, -39.20000,
,,,0.004300800000, -40.00000,
,,,0.004300900000, -39.20000,
,,,0.004301000000, -40.00000,
,,,0.004301100000, -40.00000,
,,,0.004301200000, -39.20000,
,,,0.004301300000, -38.40000,
,,,0.004301400000, -38.40000,
,,,0.004301500000, -39.20000,
,,,0.004301600000, -38.40000,
,,,0.004301700000, -38.40000,
,,,0.004301800000, -39.20000,
,,,0.004301900000, -39.20000,
,,,0.004302000000, -38.40000,
,,,0.004302100000, -40.00000,
,,,0.004302200000, -38.40000,
,,,0.004302300000, -39.20000,
,,,0.004302400000, -39.20000,
,,,0.004302500000, -38.40000,
,,,0.004302600000, -38.40000,
,,,0.004302700000, -38.40000,
,,,0.004302800000, -39.20000,
,,,0.004302900000, -38.40000,
,,,0.004303000000, -38.40000,
,,,0.004303100000, -39.20000,
,,,0.004303200000, -38.40000,
,,,0.004303300000, -39.20000,
,,,0.004303400000, -39.20000,
,,,0.004303500000, -39.20000,
,,,0.004303600000, -39.20000,
,,,0.004303700000, -39.20000,
,,,0.004303800000, -39.20000,
,,,0.004303900000, -39.20000,
,,,0.004304000000, -38.40000,
,,,0.004304100000, -38.40000,
,,,0.004304200000, -40.00000,
,,,0.004304300000, -39.20000,
,,,0.004304400000, -38.40000,
,,,0.004304500000, -38.40000,
,,,0.004304600000, -39.20000,
,,,0.004304700000, -38.40000,
,,,0.004304800000, -38.40000,
,,,0.004304900000, -39.20000,
,,,0.004305000000, -40.00000,
,,,0.004305100000, -40.00000,
,,,0.004305200000, -38.40000,
,,,0.004305300000, -40.00000,
,,,0.004305400000, -38.40000,
,,,0.004305500000, -39.20000,
,,,0.004305600000, -38.40000,
,,,0.004305700000, -38.40000,
,,,0.004305800000, -39.20000,
,,,0.004305900000, -38.40000,
,,,0.004306000000, -39.20000,
,,,0.004306100000, -38.40000,
,,,0.004306200000, -39.20000,
,,,0.004306300000, -39.20000,
,,,0.004306400000, -40.00000,
,,,0.004306500000, -38.40000,
,,,0.004306600000, -38.40000,
,,,0.004306700000, -38.40000,
,,,0.004306800000, -40.00000,
,,,0.004306900000, -39.20000,
,,,0.004307000000, -40.00000,
,,,0.004307100000, -39.20000,
,,,0.004307200000, -39.20000,
,,,0.004307300000, -40.00000,
,,,0.004307400000, -40.00000,
,,,0.004307500000, -39.20000,
,,,0.004307600000, -40.00000,
,,,0.004307700000, -40.80000,
,,,0.004307800000, -39.20000,
,,,0.004307900000, -39.20000,
,,,0.004308000000, -39.20000,
,,,0.004308100000, -40.00000,
,,,0.004308200000, -40.00000,
,,,0.004308300000, -39.20000,
,,,0.004308400000, -39.20000,
,,,0.004308500000, -40.00000,
,,,0.004308600000, -39.20000,
,,,0.004308700000, -39.20000,
,,,0.004308800000, -40.80000,
,,,0.004308900000, -39.20000,
,,,0.004309000000, -39.20000,
,,,0.004309100000, -38.40000,
,,,0.004309200000, -39.20000,
,,,0.004309300000, -38.40000,
,,,0.004309400000, -40.00000,
,,,0.004309500000, -40.00000,
,,,0.004309600000, -39.20000,
,,,0.004309700000, -40.00000,
,,,0.004309800000, -39.20000,
,,,0.004309900000, -39.20000,
,,,0.004310000000, -39.20000,
,,,0.004310100000, -39.20000,
,,,0.004310200000, -39.20000,
,,,0.004310300000, -39.20000,
,,,0.004310400000, -40.00000,
,,,0.004310500000, -40.00000,
,,,0.004310600000, -38.40000,
,,,0.004310700000, -40.00000,
,,,0.004310800000, -39.20000,
,,,0.004310900000, -40.00000,
,,,0.004311000000, -40.00000,
,,,0.004311100000, -38.40000,
,,,0.004311200000, -39.20000,
,,,0.004311300000, -39.20000,
,,,0.004311400000, -40.00000,
,,,0.004311500000, -38.40000,
,,,0.004311600000, -39.20000,
,,,0.004311700000, -39.20000,
,,,0.004311800000, -39.20000,
,,,0.004311900000, -38.40000,
,,,0.004312000000, -40.00000,
,,,0.004312100000, -39.20000,
,,,0.004312200000, -39.20000,
,,,0.004312300000, -40.00000,
,,,0.004312400000, -40.00000,
,,,0.004312500000, -40.00000,
,,,0.004312600000, -39.20000,
,,,0.004312700000, -40.00000,
,,,0.004312800000, -39.20000,
,,,0.004312900000, -39.20000,
,,,0.004313000000, -40.00000,
,,,0.004313100000, -40.00000,
,,,0.004313200000, -40.00000,
,,,0.004313300000, -39.20000,
,,,0.004313400000, -39.20000,
,,,0.004313500000, -40.00000,
,,,0.004313600000, -40.00000,
,,,0.004313700000, -39.20000,
,,,0.004313800000, -39.20000,
,,,0.004313900000, -39.20000,
,,,0.004314000000, -39.20000,
,,,0.004314100000, -39.20000,
,,,0.004314200000, -39.20000,
,,,0.004314300000, -40.00000,
,,,0.004314400000, -39.20000,
,,,0.004314500000, -39.20000,
,,,0.004314600000, -39.20000,
,,,0.004314700000, -39.20000,
,,,0.004314800000, -40.00000,
,,,0.004314900000, -40.00000,
,,,0.004315000000, -40.80000,
,,,0.004315100000, -39.20000,
,,,0.004315200000, -39.20000,
,,,0.004315300000, -40.00000,
,,,0.004315400000, -39.20000,
,,,0.004315500000, -39.20000,
,,,0.004315600000, -40.00000,
,,,0.004315700000, -39.20000,
,,,0.004315800000, -39.20000,
,,,0.004315900000, -40.00000,
,,,0.004316000000, -40.00000,
,,,0.004316100000, -39.20000,
,,,0.004316200000, -40.00000,
,,,0.004316300000, -40.00000,
,,,0.004316400000, -40.00000,
,,,0.004316500000, -40.00000,
,,,0.004316600000, -40.00000,
,,,0.004316700000, -39.20000,
,,,0.004316800000, -40.00000,
,,,0.004316900000, -39.20000,
,,,0.004317000000, -39.20000,
,,,0.004317100000, -39.20000,
,,,0.004317200000, -40.80000,
,,,0.004317300000, -40.80000,
,,,0.004317400000, -40.00000,
,,,0.004317500000, -39.20000,
,,,0.004317600000, -39.20000,
,,,0.004317700000, -40.00000,
,,,0.004317800000, -38.40000,
,,,0.004317900000, -39.20000,
,,,0.004318000000, -39.20000,
,,,0.004318100000, -39.20000,
,,,0.004318200000, -39.20000,
,,,0.004318300000, -40.00000,
,,,0.004318400000, -39.20000,
,,,0.004318500000, -40.00000,
,,,0.004318600000, -40.00000,
,,,0.004318700000, -40.80000,
,,,0.004318800000, -40.80000,
,,,0.004318900000, -39.20000,
,,,0.004319000000, -39.20000,
,,,0.004319100000, -39.20000,
,,,0.004319200000, -39.20000,
,,,0.004319300000, -39.20000,
,,,0.004319400000, -40.80000,
,,,0.004319500000, -40.80000,
,,,0.004319600000, -40.00000,
,,,0.004319700000, -39.20000,
,,,0.004319800000, -40.00000,
,,,0.004319900000, -39.20000,
,,,0.004320000000, -39.20000,
,,,0.004320100000, -40.00000,
,,,0.004320200000, -39.20000,
,,,0.004320300000, -40.00000,
,,,0.004320400000, -40.00000,
,,,0.004320500000, -39.20000,
,,,0.004320600000, -40.00000,
,,,0.004320700000, -39.20000,
,,,0.004320800000, -40.80000,
,,,0.004320900000, -40.00000,
,,,0.004321000000, -40.00000,
,,,0.004321100000, -39.20000,
,,,0.004321200000, -39.20000,
,,,0.004321300000, -40.00000,
,,,0.004321400000, -39.20000,
,,,0.004321500000, -39.20000,
,,,0.004321600000, -40.00000,
,,,0.004321700000, -39.20000,
,,,0.004321800000, -39.20000,
,,,0.004321900000, -40.00000,
,,,0.004322000000, -38.40000,
,,,0.004322100000, -39.20000,
,,,0.004322200000, -39.20000,
,,,0.004322300000, -39.20000,
,,,0.004322400000, -39.20000,
,,,0.004322500000, -39.20000,
,,,0.004322600000, -40.00000,
,,,0.004322700000, -39.20000,
,,,0.004322800000, -39.20000,
,,,0.004322900000, -39.20000,
,,,0.004323000000, -40.00000,
,,,0.004323100000, -40.00000,
,,,0.004323200000, -39.20000,
,,,0.004323300000, -40.80000,
,,,0.004323400000, -40.00000,
,,,0.004323500000, -40.00000,
,,,0.004323600000, -40.80000,
,,,0.004323700000, -40.00000,
,,,0.004323800000, -39.20000,
,,,0.004323900000, -39.20000,
,,,0.004324000000, -39.20000,
,,,0.004324100000, -40.00000,
,,,0.004324200000, -40.00000,
,,,0.004324300000, -39.20000,
,,,0.004324400000, -39.20000,
,,,0.004324500000, -40.00000,
,,,0.004324600000, -38.40000,
,,,0.004324700000, -40.00000,
,,,0.004324800000, -40.00000,
,,,0.004324900000, -40.00000,
,,,0.004325000000, -39.20000,
,,,0.004325100000, -39.20000,
,,,0.004325200000, -40.00000,
,,,0.004325300000, -39.20000,
,,,0.004325400000, -40.00000,
,,,0.004325500000, -40.00000,
,,,0.004325600000, -39.20000,
,,,0.004325700000, -39.20000,
,,,0.004325800000, -39.20000,
,,,0.004325900000, -39.20000,
,,,0.004326000000, -39.20000,
,,,0.004326100000, -40.00000,
,,,0.004326200000, -39.20000,
,,,0.004326300000, -39.20000,
,,,0.004326400000, -40.00000,
,,,0.004326500000, -40.00000,
,,,0.004326600000, -39.20000,
,,,0.004326700000, -40.00000,
,,,0.004326800000, -40.00000,
,,,0.004326900000, -39.20000,
,,,0.004327000000, -40.00000,
,,,0.004327100000, -40.80000,
,,,0.004327200000, -40.00000,
,,,0.004327300000, -39.20000,
,,,0.004327400000, -39.20000,
,,,0.004327500000, -40.00000,
,,,0.004327600000, -40.00000,
,,,0.004327700000, -39.20000,
,,,0.004327800000, -39.20000,
,,,0.004327900000, -40.00000,
,,,0.004328000000, -40.80000,
,,,0.004328100000, -39.20000,
,,,0.004328200000, -39.20000,
,,,0.004328300000, -40.00000,
,,,0.004328400000, -39.20000,
,,,0.004328500000, -40.00000,
,,,0.004328600000, -40.80000,
,,,0.004328700000, -40.00000,
,,,0.004328800000, -39.20000,
,,,0.004328900000, -39.20000,
,,,0.004329000000, -39.20000,
,,,0.004329100000, -40.00000,
,,,0.004329200000, -39.20000,
,,,0.004329300000, -40.80000,
,,,0.004329400000, -39.20000,
,,,0.004329500000, -40.00000,
,,,0.004329600000, -39.20000,
,,,0.004329700000, -39.20000,
,,,0.004329800000, -39.20000,
,,,0.004329900000, -39.20000,
,,,0.004330000000, -40.00000,
,,,0.004330100000, -39.20000,
,,,0.004330200000, -40.00000,
,,,0.004330300000, -40.00000,
,,,0.004330400000, -39.20000,
,,,0.004330500000, -40.00000,
,,,0.004330600000, -39.20000,
,,,0.004330700000, -39.20000,
,,,0.004330800000, -38.40000,
,,,0.004330900000, -39.20000,
,,,0.004331000000, -39.20000,
,,,0.004331100000, -39.20000,
,,,0.004331200000, -40.80000,
,,,0.004331300000, -39.20000,
,,,0.004331400000, -39.20000,
,,,0.004331500000, -39.20000,
,,,0.004331600000, -40.00000,
,,,0.004331700000, -40.00000,
,,,0.004331800000, -40.00000,
,,,0.004331900000, -40.00000,
