Record Length,2.500000e+03,,  -0.000450000000, -29.60000,
Sample Interval,2.000000e-07,,  -0.000449800000, -30.40000,
Trigger Point,2.250000000000e+03,,  -0.000449600000, -30.00000,
,,,  -0.000449400000, -30.00000,
,,,  -0.000449200000, -30.40000,
,,,  -0.000449000000, -30.40000,
Source,CH2,,  -0.000448800000, -30.00000,
Vertical Units,V,,  -0.000448600000, -30.00000,
Vertical Scale,1.000000e+01,,  -0.000448400000, -30.00000,
Vertical Offset,5.600000e+00,,  -0.000448200000, -30.40000,
Horizontal Units,s,,  -0.000448000000, -30.40000,
Horizontal Scale,5.000000e-05,,  -0.000447800000, -29.20000,
Pt Fmt,Y,,  -0.000447600000, -30.00000,
Yzero,0.000000e+00,,  -0.000447400000, -30.00000,
Probe Atten,1.000000e+01,,  -0.000447200000, -29.60000,
Model Number,TBS1052B,,  -0.000447000000, -29.60000,
Serial Number,C012748,,  -0.000446800000, -29.60000,
Firmware Version,FV:v4.06,,  -0.000446600000, -29.60000,
,,,-00.000446400000, -30.00000,
,,,-00.000446200000, -30.00000,
,,,-00.000446000000, -30.40000,
,,,-00.000445800000, -29.60000,
,,,-00.000445600000, -29.60000,
,,,-00.000445400000, -29.20000,
,,,-00.000445200000, -30.00000,
,,,-00.000445000000, -29.60000,
,,,-00.000444800000, -29.60000,
,,,-00.000444600000, -29.60000,
,,,-00.000444400000, -29.20000,
,,,-00.000444200000, -29.60000,
,,,-00.000444000000, -29.60000,
,,,-00.000443800000, -29.60000,
,,,-00.000443600000, -29.60000,
,,,-00.000443400000, -29.20000,
,,,-00.000443200000, -29.20000,
,,,-00.000443000000, -29.20000,
,,,-00.000442800000, -28.80000,
,,,-00.000442600000, -28.80000,
,,,-00.000442400000, -28.80000,
,,,-00.000442200000, -29.20000,
,,,-00.000442000000, -28.80000,
,,,-00.000441800000, -29.20000,
,,,-00.000441600000, -29.60000,
,,,-00.000441400000, -28.80000,
,,,-00.000441200000, -28.40000,
,,,-00.000441000000, -28.80000,
,,,-00.000440800000, -28.80000,
,,,-00.000440600000, -28.80000,
,,,-00.000440400000, -28.80000,
,,,-00.000440200000, -28.80000,
,,,-00.000440000000, -28.00000,
,,,-00.000439800000, -28.80000,
,,,-00.000439600000, -28.00000,
,,,-00.000439400000, -28.40000,
,,,-00.000439200000, -28.00000,
,,,-00.000439000000, -28.40000,
,,,-00.000438800000, -28.40000,
,,,-00.000438600000, -28.40000,
,,,-00.000438400000, -28.40000,
,,,-00.000438200000, -28.00000,
,,,-00.000438000000, -28.00000,
,,,-00.000437800000, -28.00000,
,,,-00.000437600000, -28.40000,
,,,-00.000437400000, -27.20000,
,,,-00.000437200000, -27.20000,
,,,-00.000437000000, -27.20000,
,,,-00.000436800000, -28.00000,
,,,-00.000436600000, -27.20000,
,,,-00.000436400000, -27.20000,
,,,-00.000436200000, -26.80000,
,,,-00.000436000000, -26.80000,
,,,-00.000435800000, -27.20000,
,,,-00.000435600000, -26.80000,
,,,-00.000435400000, -27.20000,
,,,-00.000435200000, -26.80000,
,,,-00.000435000000, -26.80000,
,,,-00.000434800000, -26.40000,
,,,-00.000434600000, -26.00000,
,,,-00.000434400000, -26.40000,
,,,-00.000434200000, -26.40000,
,,,-00.000434000000, -26.00000,
,,,-00.000433800000, -26.40000,
,,,-00.000433600000, -26.00000,
,,,-00.000433400000, -25.60000,
,,,-00.000433200000, -26.40000,
,,,-00.000433000000, -25.60000,
,,,-00.000432800000, -25.60000,
,,,-00.000432600000, -26.00000,
,,,-00.000432400000, -25.60000,
,,,-00.000432200000, -25.60000,
,,,-00.000432000000, -25.60000,
,,,-00.000431800000, -25.20000,
,,,-00.000431600000, -24.80000,
,,,-00.000431400000, -25.20000,
,,,-00.000431200000, -25.20000,
,,,-00.000431000000, -25.20000,
,,,-00.000430800000, -24.40000,
,,,-00.000430600000, -24.80000,
,,,-00.000430400000, -24.40000,
,,,-00.000430200000, -24.40000,
,,,-00.000430000000, -24.80000,
,,,-00.000429800000, -24.00000,
,,,-00.000429600000, -24.40000,
,,,-00.000429400000, -24.80000,
,,,-00.000429200000, -24.40000,
,,,-00.000429000000, -24.00000,
,,,-00.000428800000, -23.60000,
,,,-00.000428600000, -23.60000,
,,,-00.000428400000, -23.60000,
,,,-00.000428200000, -23.60000,
,,,-00.000428000000, -23.20000,
,,,-00.000427800000, -23.20000,
,,,-00.000427600000, -24.00000,
,,,-00.000427400000, -22.80000,
,,,-00.000427200000, -23.60000,
,,,-00.000427000000, -22.80000,
,,,-00.000426800000, -22.80000,
,,,-00.000426600000, -22.40000,
,,,-00.000426400000, -22.80000,
,,,-00.000426200000, -23.20000,
,,,-00.000426000000, -22.40000,
,,,-00.000425800000, -22.40000,
,,,-00.000425600000, -22.40000,
,,,-00.000425400000, -22.40000,
,,,-00.000425200000, -21.60000,
,,,-00.000425000000, -21.60000,
,,,-00.000424800000, -22.00000,
,,,-00.000424600000, -21.60000,
,,,-00.000424400000, -21.60000,
,,,-00.000424200000, -22.00000,
,,,-00.000424000000, -21.20000,
,,,-00.000423800000, -21.20000,
,,,-00.000423600000, -20.80000,
,,,-00.000423400000, -20.80000,
,,,-00.000423200000, -20.80000,
,,,-00.000423000000, -20.80000,
,,,-00.000422800000, -20.40000,
,,,-00.000422600000, -20.40000,
,,,-00.000422400000, -20.00000,
,,,-00.000422200000, -20.00000,
,,,-00.000422000000, -20.80000,
,,,-00.000421800000, -20.00000,
,,,-00.000421600000, -19.60000,
,,,-00.000421400000, -19.60000,
,,,-00.000421200000, -19.60000,
,,,-00.000421000000, -19.60000,
,,,-00.000420800000, -19.20000,
,,,-00.000420600000, -18.80000,
,,,-00.000420400000, -19.20000,
,,,-00.000420200000, -19.20000,
,,,-00.000420000000, -18.80000,
,,,-00.000419800000, -18.80000,
,,,-00.000419600000, -18.40000,
,,,-00.000419400000, -18.00000,
,,,-00.000419200000, -18.00000,
,,,-00.000419000000, -18.00000,
,,,-00.000418800000, -17.60000,
,,,-00.000418600000, -18.00000,
,,,-00.000418400000, -17.60000,
,,,-00.000418200000, -17.20000,
,,,-00.000418000000, -17.60000,
,,,-00.000417800000, -17.20000,
,,,-00.000417600000, -17.20000,
,,,-00.000417400000, -16.40000,
,,,-00.000417200000, -16.40000,
,,,-00.000417000000, -16.80000,
,,,-00.000416800000, -16.40000,
,,,-00.000416600000, -16.80000,
,,,-00.000416400000, -16.00000,
,,,-00.000416200000, -16.00000,
,,,-00.000416000000, -15.60000,
,,,-00.000415800000, -15.60000,
,,,-00.000415600000, -15.60000,
,,,-00.000415400000, -15.60000,
,,,-00.000415200000, -15.60000,
,,,-00.000415000000, -15.20000,
,,,-00.000414800000, -14.80000,
,,,-00.000414600000, -15.20000,
,,,-00.000414400000, -14.80000,
,,,-00.000414200000, -14.80000,
,,,-00.000414000000, -14.80000,
,,,-00.000413800000, -14.40000,
,,,-00.000413600000, -14.00000,
,,,-00.000413400000, -14.00000,
,,,-00.000413200000, -13.60000,
,,,-00.000413000000, -13.60000,
,,,-00.000412800000, -14.00000,
,,,-00.000412600000, -13.60000,
,,,-00.000412400000, -13.20000,
,,,-00.000412200000, -13.20000,
,,,-00.000412000000, -13.60000,
,,,-00.000411800000, -12.80000,
,,,-00.000411600000, -12.80000,
,,,-00.000411400000, -12.40000,
,,,-00.000411200000, -12.80000,
,,,-00.000411000000, -12.40000,
,,,-00.000410800000, -12.40000,
,,,-00.000410600000, -12.00000,
,,,-00.000410400000, -11.60000,
,,,-00.000410200000, -12.00000,
,,,-00.000410000000, -11.60000,
,,,-00.000409800000, -11.20000,
,,,-00.000409600000, -11.60000,
,,,-00.000409400000, -11.20000,
,,,-00.000409200000, -11.20000,
,,,-00.000409000000, -10.40000,
,,,-00.000408800000, -10.40000,
,,,-00.000408600000, -10.40000,
,,,-00.000408400000, -10.80000,
,,,-00.000408200000, -10.00000,
,,,-00.000408000000,  -9.60000,
,,,-00.000407800000, -10.40000,
,,,-00.000407600000,  -9.20000,
,,,-00.000407400000, -10.40000,
,,,-00.000407200000,  -9.60000,
,,,-00.000407000000,  -9.20000,
,,,-00.000406800000,  -9.20000,
,,,-00.000406600000,  -9.20000,
,,,-00.000406400000,  -8.80000,
,,,-00.000406200000,  -8.80000,
,,,-00.000406000000,  -8.80000,
,,,-00.000405800000,  -8.40000,
,,,-00.000405600000,  -8.40000,
,,,-00.000405400000,  -8.00000,
,,,-00.000405200000,  -8.00000,
,,,-00.000405000000,  -8.00000,
,,,-00.000404800000,  -7.60000,
,,,-00.000404600000,  -7.20000,
,,,-00.000404400000,  -7.60000,
,,,-00.000404200000,  -7.20000,
,,,-00.000404000000,  -7.20000,
,,,-00.000403800000,  -6.80000,
,,,-00.000403600000,  -6.80000,
,,,-00.000403400000,  -6.40000,
,,,-00.000403200000,  -6.40000,
,,,-00.000403000000,  -6.00000,
,,,-00.000402800000,  -6.00000,
,,,-00.000402600000,  -6.00000,
,,,-00.000402400000,  -5.20000,
,,,-00.000402200000,  -5.60000,
,,,-00.000402000000,  -5.20000,
,,,-00.000401800000,  -5.20000,
,,,-00.000401600000,  -5.20000,
,,,-00.000401400000,  -4.40000,
,,,-00.000401200000,  -4.80000,
,,,-00.000401000000,  -4.40000,
,,,-00.000400800000,  -4.00000,
,,,-00.000400600000,  -4.00000,
,,,-00.000400400000,  -4.40000,
,,,-00.000400200000,  -4.40000,
,,,-00.000400000000,  -4.00000,
,,,-00.000399800000,  -4.00000,
,,,-00.000399600000,  -3.20000,
,,,-00.000399400000,  -3.20000,
,,,-00.000399200000,  -3.20000,
,,,-00.000399000000,  -2.80000,
,,,-00.000398800000,  -2.80000,
,,,-00.000398600000,  -2.40000,
,,,-00.000398400000,  -2.40000,
,,,-00.000398200000,  -2.80000,
,,,-00.000398000000,  -2.00000,
,,,-00.000397800000,  -2.00000,
,,,-00.000397600000,  -1.60000,
,,,-00.000397400000,  -1.20000,
,,,-00.000397200000,  -2.00000,
,,,-00.000397000000,  -1.20000,
,,,-00.000396800000,  -1.20000,
,,,-00.000396600000,  -1.20000,
,,,-00.000396400000,  -0.80000,
,,,-00.000396200000,  -0.80000,
,,,-00.000396000000,  -0.80000,
,,,-00.000395800000,  -0.40000,
,,,-00.000395600000,  -0.40000,
,,,-00.000395400000,   0.00000,
,,,-00.000395200000,   0.40000,
,,,-00.000395000000,   0.00000,
,,,-00.000394800000,   0.40000,
,,,-00.000394600000,   0.40000,
,,,-00.000394400000,   0.40000,
,,,-00.000394200000,   1.20000,
,,,-00.000394000000,   1.20000,
,,,-00.000393800000,   1.20000,
,,,-00.000393600000,   1.20000,
,,,-00.000393400000,   1.60000,
,,,-00.000393200000,   1.60000,
,,,-00.000393000000,   1.60000,
,,,-00.000392800000,   2.00000,
,,,-00.000392600000,   2.40000,
,,,-00.000392400000,   2.00000,
,,,-00.000392200000,   2.00000,
,,,-00.000392000000,   2.80000,
,,,-00.000391800000,   2.80000,
,,,-00.000391600000,   2.80000,
,,,-00.000391400000,   2.80000,
,,,-00.000391200000,   2.80000,
,,,-00.000391000000,   2.80000,
,,,-00.000390800000,   3.60000,
,,,-00.000390600000,   4.00000,
,,,-00.000390400000,   3.60000,
,,,-00.000390200000,   3.60000,
,,,-00.000390000000,   4.00000,
,,,-00.000389800000,   4.00000,
,,,-00.000389600000,   4.00000,
,,,-00.000389400000,   4.40000,
,,,-00.000389200000,   4.40000,
,,,-00.000389000000,   4.80000,
,,,-00.000388800000,   5.20000,
,,,-00.000388600000,   4.80000,
,,,-00.000388400000,   4.80000,
,,,-00.000388200000,   5.60000,
,,,-00.000388000000,   5.20000,
,,,-00.000387800000,   5.20000,
,,,-00.000387600000,   5.20000,
,,,-00.000387400000,   6.00000,
,,,-00.000387200000,   6.00000,
,,,-00.000387000000,   6.40000,
,,,-00.000386800000,   6.00000,
,,,-00.000386600000,   6.40000,
,,,-00.000386400000,   6.80000,
,,,-00.000386200000,   6.40000,
,,,-00.000386000000,   7.20000,
,,,-00.000385800000,   6.80000,
,,,-00.000385600000,   7.20000,
,,,-00.000385400000,   7.60000,
,,,-00.000385200000,   7.60000,
,,,-00.000385000000,   7.60000,
,,,-00.000384800000,   7.60000,
,,,-00.000384600000,   7.60000,
,,,-00.000384400000,   8.00000,
,,,-00.000384200000,   8.00000,
,,,-00.000384000000,   8.40000,
,,,-00.000383800000,   8.80000,
,,,-00.000383600000,   8.80000,
,,,-00.000383400000,   8.80000,
,,,-00.000383200000,   8.80000,
,,,-00.000383000000,   8.40000,
,,,-00.000382800000,   9.20000,
,,,-00.000382600000,   9.60000,
,,,-00.000382400000,   9.20000,
,,,-00.000382200000,   9.60000,
,,,-00.000382000000,   9.60000,
,,,-00.000381800000,   9.60000,
,,,-00.000381600000,  10.00000,
,,,-00.000381400000,   9.60000,
,,,-00.000381200000,   9.60000,
,,,-00.000381000000,  10.40000,
,,,-00.000380800000,  10.40000,
,,,-00.000380600000,  10.00000,
,,,-00.000380400000,  10.40000,
,,,-00.000380200000,  10.80000,
,,,-00.000380000000,  10.80000,
,,,-00.000379800000,  11.20000,
,,,-00.000379600000,  10.80000,
,,,-00.000379400000,  11.20000,
,,,-00.000379200000,  11.20000,
,,,-00.000379000000,  11.20000,
,,,-00.000378800000,  11.20000,
,,,-00.000378600000,  11.60000,
,,,-00.000378400000,  11.20000,
,,,-00.000378200000,  12.00000,
,,,-00.000378000000,  12.00000,
,,,-00.000377800000,  12.80000,
,,,-00.000377600000,  12.40000,
,,,-00.000377400000,  12.40000,
,,,-00.000377200000,  12.80000,
,,,-00.000377000000,  12.80000,
,,,-00.000376800000,  13.20000,
,,,-00.000376600000,  12.80000,
,,,-00.000376400000,  13.20000,
,,,-00.000376200000,  13.20000,
,,,-00.000376000000,  12.80000,
,,,-00.000375800000,  13.20000,
,,,-00.000375600000,  13.60000,
,,,-00.000375400000,  13.60000,
,,,-00.000375200000,  14.00000,
,,,-00.000375000000,  14.00000,
,,,-00.000374800000,  13.60000,
,,,-00.000374600000,  14.00000,
,,,-00.000374400000,  14.00000,
,,,-00.000374200000,  14.00000,
,,,-00.000374000000,  14.40000,
,,,-00.000373800000,  14.00000,
,,,-00.000373600000,  14.80000,
,,,-00.000373400000,  14.80000,
,,,-00.000373200000,  14.40000,
,,,-00.000373000000,  14.80000,
,,,-00.000372800000,  14.80000,
,,,-00.000372600000,  15.20000,
,,,-00.000372400000,  14.40000,
,,,-00.000372200000,  15.20000,
,,,-00.000372000000,  15.20000,
,,,-00.000371800000,  15.60000,
,,,-00.000371600000,  15.20000,
,,,-00.000371400000,  15.20000,
,,,-00.000371200000,  15.20000,
,,,-00.000371000000,  16.00000,
,,,-00.000370800000,  15.60000,
,,,-00.000370600000,  16.00000,
,,,-00.000370400000,  16.00000,
,,,-00.000370200000,  16.00000,
,,,-00.000370000000,  16.00000,
,,,-00.000369800000,  16.40000,
,,,-00.000369600000,  16.00000,
,,,-00.000369400000,  16.40000,
,,,-00.000369200000,  16.00000,
,,,-00.000369000000,  16.40000,
,,,-00.000368800000,  16.40000,
,,,-00.000368600000,  16.80000,
,,,-00.000368400000,  16.80000,
,,,-00.000368200000,  16.80000,
,,,-00.000368000000,  16.80000,
,,,-00.000367800000,  17.20000,
,,,-00.000367600000,  17.20000,
,,,-00.000367400000,  16.80000,
,,,-00.000367200000,  17.20000,
,,,-00.000367000000,  18.00000,
,,,-00.000366800000,  17.20000,
,,,-00.000366600000,  17.60000,
,,,-00.000366400000,  17.60000,
,,,-00.000366200000,  18.00000,
,,,-00.000366000000,  17.60000,
,,,-00.000365800000,  18.00000,
,,,-00.000365600000,  17.60000,
,,,-00.000365400000,  18.40000,
,,,-00.000365200000,  18.40000,
,,,-00.000365000000,  18.00000,
,,,-00.000364800000,  17.60000,
,,,-00.000364600000,  18.40000,
,,,-00.000364400000,  17.60000,
,,,-00.000364200000,  18.40000,
,,,-00.000364000000,  18.40000,
,,,-00.000363800000,  18.80000,
,,,-00.000363600000,  18.40000,
,,,-00.000363400000,  18.40000,
,,,-00.000363200000,  18.40000,
,,,-00.000363000000,  18.40000,
,,,-00.000362800000,  18.80000,
,,,-00.000362600000,  18.40000,
,,,-00.000362400000,  18.80000,
,,,-00.000362200000,  18.40000,
,,,-00.000362000000,  18.40000,
,,,-00.000361800000,  18.80000,
,,,-00.000361600000,  18.40000,
,,,-00.000361400000,  19.20000,
,,,-00.000361200000,  19.20000,
,,,-00.000361000000,  19.20000,
,,,-00.000360800000,  18.80000,
,,,-00.000360600000,  18.80000,
,,,-00.000360400000,  19.60000,
,,,-00.000360200000,  19.20000,
,,,-00.000360000000,  19.20000,
,,,-00.000359800000,  19.20000,
,,,-00.000359600000,  19.60000,
,,,-00.000359400000,  19.60000,
,,,-00.000359200000,  19.20000,
,,,-00.000359000000,  19.60000,
,,,-00.000358800000,  19.60000,
,,,-00.000358600000,  19.60000,
,,,-00.000358400000,  20.00000,
,,,-00.000358200000,  20.00000,
,,,-00.000358000000,  20.00000,
,,,-00.000357800000,  20.00000,
,,,-00.000357600000,  19.60000,
,,,-00.000357400000,  20.00000,
,,,-00.000357200000,  19.60000,
,,,-00.000357000000,  20.00000,
,,,-00.000356800000,  20.00000,
,,,-00.000356600000,  20.40000,
,,,-00.000356400000,  20.40000,
,,,-00.000356200000,  20.00000,
,,,-00.000356000000,  19.60000,
,,,-00.000355800000,  20.00000,
,,,-00.000355600000,  20.00000,
,,,-00.000355400000,  20.00000,
,,,-00.000355200000,  20.40000,
,,,-00.000355000000,  19.60000,
,,,-00.000354800000,  20.00000,
,,,-00.000354600000,  20.40000,
,,,-00.000354400000,  20.40000,
,,,-00.000354200000,  20.40000,
,,,-00.000354000000,  20.40000,
,,,-00.000353800000,  20.40000,
,,,-00.000353600000,  20.40000,
,,,-00.000353400000,  20.00000,
,,,-00.000353200000,  20.40000,
,,,-00.000353000000,  20.40000,
,,,-00.000352800000,  20.00000,
,,,-00.000352600000,  20.00000,
,,,-00.000352400000,  20.40000,
,,,-00.000352200000,  20.40000,
,,,-00.000352000000,  20.00000,
,,,-00.000351800000,  19.60000,
,,,-00.000351600000,  20.00000,
,,,-00.000351400000,  20.00000,
,,,-00.000351200000,  20.00000,
,,,-00.000351000000,  20.40000,
,,,-00.000350800000,  19.60000,
,,,-00.000350600000,  20.80000,
,,,-00.000350400000,  20.40000,
,,,-00.000350200000,  20.80000,
,,,-00.000350000000,  20.40000,
,,,-00.000349800000,  20.40000,
,,,-00.000349600000,  20.40000,
,,,-00.000349400000,  20.40000,
,,,-00.000349200000,  20.00000,
,,,-00.000349000000,  20.00000,
,,,-00.000348800000,  20.40000,
,,,-00.000348600000,  20.40000,
,,,-00.000348400000,  20.40000,
,,,-00.000348200000,  20.00000,
,,,-00.000348000000,  20.00000,
,,,-00.000347800000,  20.40000,
,,,-00.000347600000,  20.40000,
,,,-00.000347400000,  20.40000,
,,,-00.000347200000,  20.40000,
,,,-00.000347000000,  20.00000,
,,,-00.000346800000,  20.00000,
,,,-00.000346600000,  19.60000,
,,,-00.000346400000,  20.40000,
,,,-00.000346200000,  19.60000,
,,,-00.000346000000,  19.60000,
,,,-00.000345800000,  19.60000,
,,,-00.000345600000,  20.40000,
,,,-00.000345400000,  20.00000,
,,,-00.000345200000,  20.00000,
,,,-00.000345000000,  19.20000,
,,,-00.000344800000,  20.00000,
,,,-00.000344600000,  19.60000,
,,,-00.000344400000,  19.60000,
,,,-00.000344200000,  19.20000,
,,,-00.000344000000,  20.00000,
,,,-00.000343800000,  19.60000,
,,,-00.000343600000,  19.60000,
,,,-00.000343400000,  19.60000,
,,,-00.000343200000,  19.60000,
,,,-00.000343000000,  19.60000,
,,,-00.000342800000,  19.20000,
,,,-00.000342600000,  18.80000,
,,,-00.000342400000,  19.20000,
,,,-00.000342200000,  19.20000,
,,,-00.000342000000,  19.60000,
,,,-00.000341800000,  18.80000,
,,,-00.000341600000,  19.60000,
,,,-00.000341400000,  19.20000,
,,,-00.000341200000,  18.80000,
,,,-00.000341000000,  18.80000,
,,,-00.000340800000,  18.80000,
,,,-00.000340600000,  18.80000,
,,,-00.000340400000,  18.80000,
,,,-00.000340200000,  18.80000,
,,,-00.000340000000,  18.40000,
,,,-00.000339800000,  18.80000,
,,,-00.000339600000,  18.40000,
,,,-00.000339400000,  18.40000,
,,,-00.000339200000,  18.40000,
,,,-00.000339000000,  18.80000,
,,,-00.000338800000,  18.00000,
,,,-00.000338600000,  18.40000,
,,,-00.000338400000,  18.80000,
,,,-00.000338200000,  18.00000,
,,,-00.000338000000,  18.40000,
,,,-00.000337800000,  17.60000,
,,,-00.000337600000,  17.60000,
,,,-00.000337400000,  17.20000,
,,,-00.000337200000,  18.00000,
,,,-00.000337000000,  17.60000,
,,,-00.000336800000,  17.20000,
,,,-00.000336600000,  18.00000,
,,,-00.000336400000,  17.60000,
,,,-00.000336200000,  16.80000,
,,,-00.000336000000,  17.20000,
,,,-00.000335800000,  17.20000,
,,,-00.000335600000,  17.60000,
,,,-00.000335400000,  16.80000,
,,,-00.000335200000,  16.80000,
,,,-00.000335000000,  17.20000,
,,,-00.000334800000,  17.20000,
,,,-00.000334600000,  16.80000,
,,,-00.000334400000,  17.20000,
,,,-00.000334200000,  16.40000,
,,,-00.000334000000,  16.80000,
,,,-00.000333800000,  16.80000,
,,,-00.000333600000,  16.00000,
,,,-00.000333400000,  16.00000,
,,,-00.000333200000,  16.40000,
,,,-00.000333000000,  16.40000,
,,,-00.000332800000,  16.00000,
,,,-00.000332600000,  16.00000,
,,,-00.000332400000,  16.00000,
,,,-00.000332200000,  16.00000,
,,,-00.000332000000,  15.60000,
,,,-00.000331800000,  15.60000,
,,,-00.000331600000,  15.20000,
,,,-00.000331400000,  15.20000,
,,,-00.000331200000,  15.60000,
,,,-00.000331000000,  14.80000,
,,,-00.000330800000,  15.20000,
,,,-00.000330600000,  14.80000,
,,,-00.000330400000,  14.80000,
,,,-00.000330200000,  14.80000,
,,,-00.000330000000,  14.80000,
,,,-00.000329800000,  14.80000,
,,,-00.000329600000,  14.80000,
,,,-00.000329400000,  14.80000,
,,,-00.000329200000,  14.00000,
,,,-00.000329000000,  14.00000,
,,,-00.000328800000,  14.40000,
,,,-00.000328600000,  13.60000,
,,,-00.000328400000,  14.00000,
,,,-00.000328200000,  14.00000,
,,,-00.000328000000,  14.00000,
,,,-00.000327800000,  14.40000,
,,,-00.000327600000,  14.00000,
,,,-00.000327400000,  13.60000,
,,,-00.000327200000,  13.20000,
,,,-00.000327000000,  13.20000,
,,,-00.000326800000,  13.60000,
,,,-00.000326600000,  13.20000,
,,,-00.000326400000,  12.80000,
,,,-00.000326200000,  12.80000,
,,,-00.000326000000,  13.20000,
,,,-00.000325800000,  12.40000,
,,,-00.000325600000,  12.40000,
,,,-00.000325400000,  12.80000,
,,,-00.000325200000,  12.00000,
,,,-00.000325000000,  12.40000,
,,,-00.000324800000,  12.00000,
,,,-00.000324600000,  12.40000,
,,,-00.000324400000,  11.60000,
,,,-00.000324200000,  11.60000,
,,,-00.000324000000,  11.60000,
,,,-00.000323800000,  11.60000,
,,,-00.000323600000,  11.20000,
,,,-00.000323400000,  11.20000,
,,,-00.000323200000,  11.20000,
,,,-00.000323000000,  10.40000,
,,,-00.000322800000,  10.80000,
,,,-00.000322600000,  10.80000,
,,,-00.000322400000,  11.20000,
,,,-00.000322200000,  10.80000,
,,,-00.000322000000,  10.40000,
,,,-00.000321800000,  10.00000,
,,,-00.000321600000,  10.40000,
,,,-00.000321400000,  10.40000,
,,,-00.000321200000,   9.20000,
,,,-00.000321000000,   9.60000,
,,,-00.000320800000,   9.60000,
,,,-00.000320600000,   9.60000,
,,,-00.000320400000,   9.20000,
,,,-00.000320200000,   9.20000,
,,,-00.000320000000,   9.20000,
,,,-00.000319800000,   8.80000,
,,,-00.000319600000,   8.40000,
,,,-00.000319400000,   8.80000,
,,,-00.000319200000,   8.40000,
,,,-00.000319000000,   8.00000,
,,,-00.000318800000,   8.00000,
,,,-00.000318600000,   8.00000,
,,,-00.000318400000,   8.00000,
,,,-00.000318200000,   8.00000,
,,,-00.000318000000,   7.60000,
,,,-00.000317800000,   7.60000,
,,,-00.000317600000,   6.80000,
,,,-00.000317400000,   7.60000,
,,,-00.000317200000,   7.20000,
,,,-00.000317000000,   7.20000,
,,,-00.000316800000,   7.20000,
,,,-00.000316600000,   6.80000,
,,,-00.000316400000,   6.00000,
,,,-00.000316200000,   6.40000,
,,,-00.000316000000,   6.40000,
,,,-00.000315800000,   6.40000,
,,,-00.000315600000,   6.40000,
,,,-00.000315400000,   5.60000,
,,,-00.000315200000,   5.60000,
,,,-00.000315000000,   5.60000,
,,,-00.000314800000,   5.20000,
,,,-00.000314600000,   5.60000,
,,,-00.000314400000,   4.80000,
,,,-00.000314200000,   4.80000,
,,,-00.000314000000,   5.20000,
,,,-00.000313800000,   4.00000,
,,,-00.000313600000,   4.00000,
,,,-00.000313400000,   4.80000,
,,,-00.000313200000,   4.40000,
,,,-00.000313000000,   4.00000,
,,,-00.000312800000,   4.00000,
,,,-00.000312600000,   4.00000,
,,,-00.000312400000,   4.00000,
,,,-00.000312200000,   3.60000,
,,,-00.000312000000,   4.00000,
,,,-00.000311800000,   2.80000,
,,,-00.000311600000,   3.20000,
,,,-00.000311400000,   2.80000,
,,,-00.000311200000,   2.40000,
,,,-00.000311000000,   2.80000,
,,,-00.000310800000,   2.40000,
,,,-00.000310600000,   2.00000,
,,,-00.000310400000,   2.00000,
,,,-00.000310200000,   2.00000,
,,,-00.000310000000,   2.00000,
,,,-00.000309800000,   2.00000,
,,,-00.000309600000,   1.60000,
,,,-00.000309400000,   1.20000,
,,,-00.000309200000,   1.20000,
,,,-00.000309000000,   1.60000,
,,,-00.000308800000,   0.80000,
,,,-00.000308600000,   1.20000,
,,,-00.000308400000,   0.00000,
,,,-00.000308200000,   0.40000,
,,,-00.000308000000,   0.40000,
,,,-00.000307800000,   0.00000,
,,,-00.000307600000,   0.00000,
,,,-00.000307400000,  -0.80000,
,,,-00.000307200000,  -0.40000,
,,,-00.000307000000,   0.00000,
,,,-00.000306800000,  -0.40000,
,,,-00.000306600000,  -1.20000,
,,,-00.000306400000,  -1.20000,
,,,-00.000306200000,  -1.20000,
,,,-00.000306000000,  -1.20000,
,,,-00.000305800000,  -1.20000,
,,,-00.000305600000,  -1.60000,
,,,-00.000305400000,  -2.40000,
,,,-00.000305200000,  -1.60000,
,,,-00.000305000000,  -2.00000,
,,,-00.000304800000,  -2.00000,
,,,-00.000304600000,  -2.40000,
,,,-00.000304400000,  -2.80000,
,,,-00.000304200000,  -2.80000,
,,,-00.000304000000,  -2.80000,
,,,-00.000303800000,  -3.20000,
,,,-00.000303600000,  -2.80000,
,,,-00.000303400000,  -2.80000,
,,,-00.000303200000,  -3.60000,
,,,-00.000303000000,  -3.60000,
,,,-00.000302800000,  -3.60000,
,,,-00.000302600000,  -4.00000,
,,,-00.000302400000,  -4.00000,
,,,-00.000302200000,  -4.40000,
,,,-00.000302000000,  -4.00000,
,,,-00.000301800000,  -4.00000,
,,,-00.000301600000,  -4.40000,
,,,-00.000301400000,  -5.20000,
,,,-00.000301200000,  -5.20000,
,,,-00.000301000000,  -5.20000,
,,,-00.000300800000,  -5.60000,
,,,-00.000300600000,  -5.60000,
,,,-00.000300400000,  -5.20000,
,,,-00.000300200000,  -5.60000,
,,,-00.000300000000,  -5.60000,
,,,-00.000299800000,  -6.40000,
,,,-00.000299600000,  -6.40000,
,,,-00.000299400000,  -6.00000,
,,,-00.000299200000,  -6.80000,
,,,-00.000299000000,  -6.80000,
,,,-00.000298800000,  -6.80000,
,,,-00.000298600000,  -7.20000,
,,,-00.000298400000,  -7.20000,
,,,-00.000298200000,  -7.60000,
,,,-00.000298000000,  -7.20000,
,,,-00.000297800000,  -8.00000,
,,,-00.000297600000,  -7.60000,
,,,-00.000297400000,  -7.60000,
,,,-00.000297200000,  -8.00000,
,,,-00.000297000000,  -8.00000,
,,,-00.000296800000,  -8.40000,
,,,-00.000296600000,  -8.80000,
,,,-00.000296400000,  -8.40000,
,,,-00.000296200000,  -8.40000,
,,,-00.000296000000,  -8.80000,
,,,-00.000295800000,  -9.20000,
,,,-00.000295600000,  -9.60000,
,,,-00.000295400000,  -9.20000,
,,,-00.000295200000, -10.00000,
,,,-00.000295000000,  -9.60000,
,,,-00.000294800000, -10.80000,
,,,-00.000294600000, -10.40000,
,,,-00.000294400000, -10.40000,
,,,-00.000294200000, -10.80000,
,,,-00.000294000000, -11.20000,
,,,-00.000293800000, -10.80000,
,,,-00.000293600000, -10.80000,
,,,-00.000293400000, -11.60000,
,,,-00.000293200000, -11.60000,
,,,-00.000293000000, -11.20000,
,,,-00.000292800000, -12.00000,
,,,-00.000292600000, -11.60000,
,,,-00.000292400000, -12.40000,
,,,-00.000292200000, -11.60000,
,,,-00.000292000000, -12.40000,
,,,-00.000291800000, -12.40000,
,,,-00.000291600000, -12.00000,
,,,-00.000291400000, -13.20000,
,,,-00.000291200000, -12.80000,
,,,-00.000291000000, -13.20000,
,,,-00.000290800000, -13.20000,
,,,-00.000290600000, -12.80000,
,,,-00.000290400000, -13.60000,
,,,-00.000290200000, -13.60000,
,,,-00.000290000000, -13.60000,
,,,-00.000289800000, -13.60000,
,,,-00.000289600000, -14.40000,
,,,-00.000289400000, -13.60000,
,,,-00.000289200000, -14.40000,
,,,-00.000289000000, -14.40000,
,,,-00.000288800000, -14.80000,
,,,-00.000288600000, -14.80000,
,,,-00.000288400000, -14.80000,
,,,-00.000288200000, -15.20000,
,,,-00.000288000000, -15.20000,
,,,-00.000287800000, -14.80000,
,,,-00.000287600000, -15.60000,
,,,-00.000287400000, -15.20000,
,,,-00.000287200000, -15.60000,
,,,-00.000287000000, -16.00000,
,,,-00.000286800000, -16.40000,
,,,-00.000286600000, -15.60000,
,,,-00.000286400000, -16.00000,
,,,-00.000286200000, -15.60000,
,,,-00.000286000000, -16.40000,
,,,-00.000285800000, -16.40000,
,,,-00.000285600000, -17.20000,
,,,-00.000285400000, -16.80000,
,,,-00.000285200000, -17.20000,
,,,-00.000285000000, -17.60000,
,,,-00.000284800000, -17.20000,
,,,-00.000284600000, -17.20000,
,,,-00.000284400000, -17.60000,
,,,-00.000284200000, -17.60000,
,,,-00.000284000000, -17.60000,
,,,-00.000283800000, -17.60000,
,,,-00.000283600000, -18.00000,
,,,-00.000283400000, -18.80000,
,,,-00.000283200000, -18.40000,
,,,-00.000283000000, -18.00000,
,,,-00.000282800000, -19.20000,
,,,-00.000282600000, -18.80000,
,,,-00.000282400000, -19.20000,
,,,-00.000282200000, -18.80000,
,,,-00.000282000000, -18.80000,
,,,-00.000281800000, -19.20000,
,,,-00.000281600000, -19.60000,
,,,-00.000281400000, -20.00000,
,,,-00.000281200000, -19.60000,
,,,-00.000281000000, -20.00000,
,,,-00.000280800000, -20.00000,
,,,-00.000280600000, -20.00000,
,,,-00.000280400000, -20.00000,
,,,-00.000280200000, -20.40000,
,,,-00.000280000000, -20.80000,
,,,-00.000279800000, -20.40000,
,,,-00.000279600000, -20.80000,
,,,-00.000279400000, -20.80000,
,,,-00.000279200000, -21.20000,
,,,-00.000279000000, -20.80000,
,,,-00.000278800000, -21.20000,
,,,-00.000278600000, -21.20000,
,,,-00.000278400000, -22.00000,
,,,-00.000278200000, -21.60000,
,,,-00.000278000000, -22.00000,
,,,-00.000277800000, -21.60000,
,,,-00.000277600000, -21.20000,
,,,-00.000277400000, -21.60000,
,,,-00.000277200000, -22.00000,
,,,-00.000277000000, -22.40000,
,,,-00.000276800000, -22.40000,
,,,-00.000276600000, -22.40000,
,,,-00.000276400000, -22.40000,
,,,-00.000276200000, -22.80000,
,,,-00.000276000000, -23.20000,
,,,-00.000275800000, -22.80000,
,,,-00.000275600000, -23.20000,
,,,-00.000275400000, -23.20000,
,,,-00.000275200000, -23.20000,
,,,-00.000275000000, -23.20000,
,,,-00.000274800000, -23.60000,
,,,-00.000274600000, -23.20000,
,,,-00.000274400000, -23.60000,
,,,-00.000274200000, -24.40000,
,,,-00.000274000000, -23.60000,
,,,-00.000273800000, -24.00000,
,,,-00.000273600000, -24.40000,
,,,-00.000273400000, -24.80000,
,,,-00.000273200000, -24.40000,
,,,-00.000273000000, -24.40000,
,,,-00.000272800000, -24.40000,
,,,-00.000272600000, -25.20000,
,,,-00.000272400000, -24.40000,
,,,-00.000272200000, -25.20000,
,,,-00.000272000000, -24.80000,
,,,-00.000271800000, -24.40000,
,,,-00.000271600000, -25.20000,
,,,-00.000271400000, -24.80000,
,,,-00.000271200000, -26.00000,
,,,-00.000271000000, -25.60000,
,,,-00.000270800000, -25.60000,
,,,-00.000270600000, -25.60000,
,,,-00.000270400000, -25.20000,
,,,-00.000270200000, -25.60000,
,,,-00.000270000000, -26.00000,
,,,-00.000269800000, -26.00000,
,,,-00.000269600000, -25.60000,
,,,-00.000269400000, -26.00000,
,,,-00.000269200000, -26.40000,
,,,-00.000269000000, -26.00000,
,,,-00.000268800000, -26.40000,
,,,-00.000268600000, -26.00000,
,,,-00.000268400000, -26.80000,
,,,-00.000268200000, -26.40000,
,,,-00.000268000000, -26.40000,
,,,-00.000267800000, -27.20000,
,,,-00.000267600000, -26.80000,
,,,-00.000267400000, -26.80000,
,,,-00.000267200000, -26.80000,
,,,-00.000267000000, -27.60000,
,,,-00.000266800000, -27.20000,
,,,-00.000266600000, -27.20000,
,,,-00.000266400000, -27.20000,
,,,-00.000266200000, -27.20000,
,,,-00.000266000000, -27.60000,
,,,-00.000265800000, -28.00000,
,,,-00.000265600000, -27.20000,
,,,-00.000265400000, -27.60000,
,,,-00.000265200000, -27.60000,
,,,-00.000265000000, -28.00000,
,,,-00.000264800000, -27.60000,
,,,-00.000264600000, -28.00000,
,,,-00.000264400000, -28.00000,
,,,-00.000264200000, -28.40000,
,,,-00.000264000000, -28.00000,
,,,-00.000263800000, -28.00000,
,,,-00.000263600000, -28.40000,
,,,-00.000263400000, -28.40000,
,,,-00.000263200000, -28.40000,
,,,-00.000263000000, -28.40000,
,,,-00.000262800000, -28.40000,
,,,-00.000262600000, -28.80000,
,,,-00.000262400000, -28.80000,
,,,-00.000262200000, -28.40000,
,,,-00.000262000000, -28.80000,
,,,-00.000261800000, -28.80000,
,,,-00.000261600000, -28.40000,
,,,-00.000261400000, -28.80000,
,,,-00.000261200000, -29.20000,
,,,-00.000261000000, -28.80000,
,,,-00.000260800000, -28.80000,
,,,-00.000260600000, -29.20000,
,,,-00.000260400000, -29.20000,
,,,-00.000260200000, -29.60000,
,,,-00.000260000000, -29.20000,
,,,-00.000259800000, -29.20000,
,,,-00.000259600000, -29.20000,
,,,-00.000259400000, -29.20000,
,,,-00.000259200000, -29.20000,
,,,-00.000259000000, -29.20000,
,,,-00.000258800000, -29.20000,
,,,-00.000258600000, -30.00000,
,,,-00.000258400000, -29.20000,
,,,-00.000258200000, -30.00000,
,,,-00.000258000000, -29.20000,
,,,-00.000257800000, -29.60000,
,,,-00.000257600000, -29.60000,
,,,-00.000257400000, -29.60000,
,,,-00.000257200000, -30.00000,
,,,-00.000257000000, -30.00000,
,,,-00.000256800000, -29.60000,
,,,-00.000256600000, -30.00000,
,,,-00.000256400000, -30.00000,
,,,-00.000256200000, -29.60000,
,,,-00.000256000000, -29.60000,
,,,-00.000255800000, -29.60000,
,,,-00.000255600000, -30.00000,
,,,-00.000255400000, -30.00000,
,,,-00.000255200000, -30.00000,
,,,-00.000255000000, -30.40000,
,,,-00.000254800000, -30.00000,
,,,-00.000254600000, -30.00000,
,,,-00.000254400000, -30.00000,
,,,-00.000254200000, -29.60000,
,,,-00.000254000000, -30.00000,
,,,-00.000253800000, -30.00000,
,,,-00.000253600000, -30.00000,
,,,-00.000253400000, -30.00000,
,,,-00.000253200000, -30.00000,
,,,-00.000253000000, -30.00000,
,,,-00.000252800000, -30.40000,
,,,-00.000252600000, -30.00000,
,,,-00.000252400000, -30.40000,
,,,-00.000252200000, -30.00000,
,,,-00.000252000000, -29.60000,
,,,-00.000251800000, -30.40000,
,,,-00.000251600000, -29.60000,
,,,-00.000251400000, -30.00000,
,,,-00.000251200000, -30.40000,
,,,-00.000251000000, -30.00000,
,,,-00.000250800000, -30.40000,
,,,-00.000250600000, -30.00000,
,,,-00.000250400000, -30.40000,
,,,-00.000250200000, -30.00000,
,,,-00.000250000000, -30.40000,
,,,-00.000249800000, -30.00000,
,,,-00.000249600000, -30.00000,
,,,-00.000249400000, -30.40000,
,,,-00.000249200000, -30.00000,
,,,-00.000249000000, -30.40000,
,,,-00.000248800000, -30.00000,
,,,-00.000248600000, -30.00000,
,,,-00.000248400000, -29.60000,
,,,-00.000248200000, -30.00000,
,,,-00.000248000000, -30.80000,
,,,-00.000247800000, -29.60000,
,,,-00.000247600000, -29.60000,
,,,-00.000247400000, -30.40000,
,,,-00.000247200000, -30.00000,
,,,-00.000247000000, -30.00000,
,,,-00.000246800000, -29.60000,
,,,-00.000246600000, -29.60000,
,,,-00.000246400000, -30.00000,
,,,-00.000246200000, -29.60000,
,,,-00.000246000000, -30.00000,
,,,-00.000245800000, -29.60000,
,,,-00.000245600000, -29.60000,
,,,-00.000245400000, -29.60000,
,,,-00.000245200000, -30.00000,
,,,-00.000245000000, -29.60000,
,,,-00.000244800000, -29.60000,
,,,-00.000244600000, -29.60000,
,,,-00.000244400000, -29.60000,
,,,-00.000244200000, -29.20000,
,,,-00.000244000000, -29.20000,
,,,-00.000243800000, -29.60000,
,,,-00.000243600000, -29.20000,
,,,-00.000243400000, -29.20000,
,,,-00.000243200000, -29.20000,
,,,-00.000243000000, -29.20000,
,,,-00.000242800000, -29.20000,
,,,-00.000242600000, -28.80000,
,,,-00.000242400000, -29.20000,
,,,-00.000242200000, -28.80000,
,,,-00.000242000000, -29.20000,
,,,-00.000241800000, -28.80000,
,,,-00.000241600000, -28.80000,
,,,-00.000241400000, -28.80000,
,,,-00.000241200000, -28.80000,
,,,-00.000241000000, -29.20000,
,,,-00.000240800000, -29.20000,
,,,-00.000240600000, -28.40000,
,,,-00.000240400000, -29.20000,
,,,-00.000240200000, -28.40000,
,,,-00.000240000000, -28.40000,
,,,-00.000239800000, -28.80000,
,,,-00.000239600000, -28.00000,
,,,-00.000239400000, -28.00000,
,,,-00.000239200000, -27.60000,
,,,-00.000239000000, -28.00000,
,,,-00.000238800000, -28.40000,
,,,-00.000238600000, -27.60000,
,,,-00.000238400000, -28.00000,
,,,-00.000238200000, -28.00000,
,,,-00.000238000000, -27.60000,
,,,-00.000237800000, -27.60000,
,,,-00.000237600000, -27.60000,
,,,-00.000237400000, -26.80000,
,,,-00.000237200000, -28.00000,
,,,-00.000237000000, -27.60000,
,,,-00.000236800000, -27.60000,
,,,-00.000236600000, -27.20000,
,,,-00.000236400000, -27.20000,
,,,-00.000236200000, -27.60000,
,,,-00.000236000000, -27.20000,
,,,-00.000235800000, -27.20000,
,,,-00.000235600000, -26.80000,
,,,-00.000235400000, -26.80000,
,,,-00.000235200000, -26.80000,
,,,-00.000235000000, -26.80000,
,,,-00.000234800000, -26.40000,
,,,-00.000234600000, -27.20000,
,,,-00.000234400000, -26.80000,
,,,-00.000234200000, -26.40000,
,,,-00.000234000000, -26.00000,
,,,-00.000233800000, -26.40000,
,,,-00.000233600000, -26.00000,
,,,-00.000233400000, -25.20000,
,,,-00.000233200000, -26.00000,
,,,-00.000233000000, -26.00000,
,,,-00.000232800000, -26.00000,
,,,-00.000232600000, -26.00000,
,,,-00.000232400000, -25.20000,
,,,-00.000232200000, -24.80000,
,,,-00.000232000000, -25.60000,
,,,-00.000231800000, -25.20000,
,,,-00.000231600000, -25.20000,
,,,-00.000231400000, -25.20000,
,,,-00.000231200000, -24.80000,
,,,-00.000231000000, -25.20000,
,,,-00.000230800000, -24.80000,
,,,-00.000230600000, -24.80000,
,,,-00.000230400000, -24.80000,
,,,-00.000230200000, -24.80000,
,,,-00.000230000000, -24.40000,
,,,-00.000229800000, -24.40000,
,,,-00.000229600000, -24.80000,
,,,-00.000229400000, -24.00000,
,,,-00.000229200000, -24.40000,
,,,-00.000229000000, -24.00000,
,,,-00.000228800000, -23.60000,
,,,-00.000228600000, -23.20000,
,,,-00.000228400000, -23.20000,
,,,-00.000228200000, -23.60000,
,,,-00.000228000000, -23.60000,
,,,-00.000227800000, -23.20000,
,,,-00.000227600000, -23.20000,
,,,-00.000227400000, -23.20000,
,,,-00.000227200000, -22.80000,
,,,-00.000227000000, -22.40000,
,,,-00.000226800000, -22.80000,
,,,-00.000226600000, -22.80000,
,,,-00.000226400000, -22.40000,
,,,-00.000226200000, -22.40000,
,,,-00.000226000000, -22.40000,
,,,-00.000225800000, -22.40000,
,,,-00.000225600000, -22.40000,
,,,-00.000225400000, -22.00000,
,,,-00.000225200000, -21.60000,
,,,-00.000225000000, -22.00000,
,,,-00.000224800000, -21.20000,
,,,-00.000224600000, -21.60000,
,,,-00.000224400000, -21.20000,
,,,-00.000224200000, -20.80000,
,,,-00.000224000000, -22.00000,
,,,-00.000223800000, -21.20000,
,,,-00.000223600000, -20.40000,
,,,-00.000223400000, -20.40000,
,,,-00.000223200000, -20.40000,
,,,-00.000223000000, -20.80000,
,,,-00.000222800000, -20.00000,
,,,-00.000222600000, -20.40000,
,,,-00.000222400000, -20.00000,
,,,-00.000222200000, -20.00000,
,,,-00.000222000000, -20.00000,
,,,-00.000221800000, -20.00000,
,,,-00.000221600000, -20.00000,
,,,-00.000221400000, -20.00000,
,,,-00.000221200000, -19.60000,
,,,-00.000221000000, -19.20000,
,,,-00.000220800000, -19.20000,
,,,-00.000220600000, -19.20000,
,,,-00.000220400000, -18.80000,
,,,-00.000220200000, -18.80000,
,,,-00.000220000000, -19.20000,
,,,-00.000219800000, -18.80000,
,,,-00.000219600000, -18.00000,
,,,-00.000219400000, -18.40000,
,,,-00.000219200000, -18.40000,
,,,-00.000219000000, -18.40000,
,,,-00.000218800000, -18.00000,
,,,-00.000218600000, -18.00000,
,,,-00.000218400000, -17.20000,
,,,-00.000218200000, -17.20000,
,,,-00.000218000000, -17.60000,
,,,-00.000217800000, -17.20000,
,,,-00.000217600000, -17.20000,
,,,-00.000217400000, -17.60000,
,,,-00.000217200000, -16.80000,
,,,-00.000217000000, -16.40000,
,,,-00.000216800000, -16.80000,
,,,-00.000216600000, -16.40000,
,,,-00.000216400000, -16.40000,
,,,-00.000216200000, -15.60000,
,,,-00.000216000000, -15.60000,
,,,-00.000215800000, -15.60000,
,,,-00.000215600000, -15.60000,
,,,-00.000215400000, -16.00000,
,,,-00.000215200000, -15.20000,
,,,-00.000215000000, -14.80000,
,,,-00.000214800000, -15.60000,
,,,-00.000214600000, -14.80000,
,,,-00.000214400000, -14.80000,
,,,-00.000214200000, -14.80000,
,,,-00.000214000000, -14.80000,
,,,-00.000213800000, -14.40000,
,,,-00.000213600000, -14.40000,
,,,-00.000213400000, -14.00000,
,,,-00.000213200000, -14.40000,
,,,-00.000213000000, -14.00000,
,,,-00.000212800000, -14.00000,
,,,-00.000212600000, -13.20000,
,,,-00.000212400000, -13.60000,
,,,-00.000212200000, -13.60000,
,,,-00.000212000000, -13.20000,
,,,-00.000211800000, -12.80000,
,,,-00.000211600000, -12.80000,
,,,-00.000211400000, -12.40000,
,,,-00.000211200000, -12.00000,
,,,-00.000211000000, -12.40000,
,,,-00.000210800000, -12.40000,
,,,-00.000210600000, -12.00000,
,,,-00.000210400000, -12.40000,
,,,-00.000210200000, -11.20000,
,,,-00.000210000000, -11.20000,
,,,-00.000209800000, -11.60000,
,,,-00.000209600000, -11.60000,
,,,-00.000209400000, -11.20000,
,,,-00.000209200000, -10.80000,
,,,-00.000209000000, -10.40000,
,,,-00.000208800000, -10.40000,
,,,-00.000208600000, -10.40000,
,,,-00.000208400000, -10.40000,
,,,-00.000208200000, -10.00000,
,,,-00.000208000000, -10.40000,
,,,-00.000207800000, -10.00000,
,,,-00.000207600000, -10.40000,
,,,-00.000207400000,  -9.60000,
,,,-00.000207200000,  -9.20000,
,,,-00.000207000000,  -9.20000,
,,,-00.000206800000,  -8.80000,
,,,-00.000206600000,  -8.80000,
,,,-00.000206400000,  -9.60000,
,,,-00.000206200000,  -8.80000,
,,,-00.000206000000,  -8.80000,
,,,-00.000205800000,  -8.00000,
,,,-00.000205600000,  -8.00000,
,,,-00.000205400000,  -8.00000,
,,,-00.000205200000,  -7.60000,
,,,-00.000205000000,  -7.60000,
,,,-00.000204800000,  -8.00000,
,,,-00.000204600000,  -7.20000,
,,,-00.000204400000,  -7.20000,
,,,-00.000204200000,  -7.60000,
,,,-00.000204000000,  -7.20000,
,,,-00.000203800000,  -6.80000,
,,,-00.000203600000,  -6.40000,
,,,-00.000203400000,  -6.00000,
,,,-00.000203200000,  -6.80000,
,,,-00.000203000000,  -6.40000,
,,,-00.000202800000,  -6.00000,
,,,-00.000202600000,  -6.00000,
,,,-00.000202400000,  -6.00000,
,,,-00.000202200000,  -5.60000,
,,,-00.000202000000,  -5.60000,
,,,-00.000201800000,  -5.60000,
,,,-00.000201600000,  -4.80000,
,,,-00.000201400000,  -5.20000,
,,,-00.000201200000,  -4.80000,
,,,-00.000201000000,  -4.80000,
,,,-00.000200800000,  -4.80000,
,,,-00.000200600000,  -4.40000,
,,,-00.000200400000,  -4.40000,
,,,-00.000200200000,  -4.00000,
,,,-00.000200000000,  -3.60000,
,,,-00.000199800000,  -3.20000,
,,,-00.000199600000,  -3.60000,
,,,-00.000199400000,  -2.80000,
,,,-00.000199200000,  -3.20000,
,,,-00.000199000000,  -2.80000,
,,,-00.000198800000,  -3.20000,
,,,-00.000198600000,  -2.40000,
,,,-00.000198400000,  -2.00000,
,,,-00.000198200000,  -1.60000,
,,,-00.000198000000,  -2.00000,
,,,-00.000197800000,  -2.00000,
,,,-00.000197600000,  -2.00000,
,,,-00.000197400000,  -1.20000,
,,,-00.000197200000,  -1.20000,
,,,-00.000197000000,  -1.20000,
,,,-00.000196800000,  -1.60000,
,,,-00.000196600000,  -1.20000,
,,,-00.000196400000,  -1.20000,
,,,-00.000196200000,  -0.80000,
,,,-00.000196000000,  -0.80000,
,,,-00.000195800000,   0.00000,
,,,-00.000195600000,  -0.40000,
,,,-00.000195400000,   0.00000,
,,,-00.000195200000,   0.00000,
,,,-00.000195000000,  -0.40000,
,,,-00.000194800000,   0.40000,
,,,-00.000194600000,   0.80000,
,,,-00.000194400000,   0.40000,
,,,-00.000194200000,   0.80000,
,,,-00.000194000000,   0.80000,
,,,-00.000193800000,   1.60000,
,,,-00.000193600000,   1.60000,
,,,-00.000193400000,   0.80000,
,,,-00.000193200000,   2.00000,
,,,-00.000193000000,   1.60000,
,,,-00.000192800000,   2.00000,
,,,-00.000192600000,   2.00000,
,,,-00.000192400000,   2.00000,
,,,-00.000192200000,   2.40000,
,,,-00.000192000000,   2.40000,
,,,-00.000191800000,   2.80000,
,,,-00.000191600000,   3.20000,
,,,-00.000191400000,   2.80000,
,,,-00.000191200000,   3.20000,
,,,-00.000191000000,   3.60000,
,,,-00.000190800000,   3.60000,
,,,-00.000190600000,   3.20000,
,,,-00.000190400000,   3.60000,
,,,-00.000190200000,   3.60000,
,,,-00.000190000000,   3.60000,
,,,-00.000189800000,   4.00000,
,,,-00.000189600000,   4.00000,
,,,-00.000189400000,   4.80000,
,,,-00.000189200000,   4.40000,
,,,-00.000189000000,   4.80000,
,,,-00.000188800000,   4.80000,
,,,-00.000188600000,   4.80000,
,,,-00.000188400000,   5.60000,
,,,-00.000188200000,   5.60000,
,,,-00.000188000000,   5.60000,
,,,-00.000187800000,   5.60000,
,,,-00.000187600000,   5.60000,
,,,-00.000187400000,   6.00000,
,,,-00.000187200000,   6.40000,
,,,-00.000187000000,   6.00000,
,,,-00.000186800000,   6.80000,
,,,-00.000186600000,   6.40000,
,,,-00.000186400000,   6.80000,
,,,-00.000186200000,   6.80000,
,,,-00.000186000000,   6.80000,
,,,-00.000185800000,   7.20000,
,,,-00.000185600000,   7.60000,
,,,-00.000185400000,   7.20000,
,,,-00.000185200000,   7.60000,
,,,-00.000185000000,   7.20000,
,,,-00.000184800000,   8.00000,
,,,-00.000184600000,   8.00000,
,,,-00.000184400000,   8.00000,
,,,-00.000184200000,   8.40000,
,,,-00.000184000000,   8.00000,
,,,-00.000183800000,   8.40000,
,,,-00.000183600000,   8.80000,
,,,-00.000183400000,   8.00000,
,,,-00.000183200000,   8.80000,
,,,-00.000183000000,   9.20000,
,,,-00.000182800000,   8.80000,
,,,-00.000182600000,   8.40000,
,,,-00.000182400000,   9.20000,
,,,-00.000182200000,   9.20000,
,,,-00.000182000000,   9.20000,
,,,-00.000181800000,   9.60000,
,,,-00.000181600000,   9.60000,
,,,-00.000181400000,   9.60000,
,,,-00.000181200000,  10.00000,
,,,-00.000181000000,   9.60000,
,,,-00.000180800000,  10.00000,
,,,-00.000180600000,  10.80000,
,,,-00.000180400000,  10.40000,
,,,-00.000180200000,  10.80000,
,,,-00.000180000000,  11.20000,
,,,-00.000179800000,  11.20000,
,,,-00.000179600000,  10.80000,
,,,-00.000179400000,  10.80000,
,,,-00.000179200000,  11.20000,
,,,-00.000179000000,  11.20000,
,,,-00.000178800000,  12.00000,
,,,-00.000178600000,  12.00000,
,,,-00.000178400000,  12.40000,
,,,-00.000178200000,  12.00000,
,,,-00.000178000000,  12.40000,
,,,-00.000177800000,  12.00000,
,,,-00.000177600000,  12.40000,
,,,-00.000177400000,  12.40000,
,,,-00.000177200000,  12.40000,
,,,-00.000177000000,  13.20000,
,,,-00.000176800000,  12.40000,
,,,-00.000176600000,  12.80000,
,,,-00.000176400000,  13.20000,
,,,-00.000176200000,  13.20000,
,,,-00.000176000000,  13.60000,
,,,-00.000175800000,  13.20000,
,,,-00.000175600000,  13.20000,
,,,-00.000175400000,  13.60000,
,,,-00.000175200000,  13.60000,
,,,-00.000175000000,  14.00000,
,,,-00.000174800000,  13.60000,
,,,-00.000174600000,  14.00000,
,,,-00.000174400000,  13.60000,
,,,-00.000174200000,  14.40000,
,,,-00.000174000000,  14.00000,
,,,-00.000173800000,  14.40000,
,,,-00.000173600000,  14.00000,
,,,-00.000173400000,  14.80000,
,,,-00.000173200000,  14.00000,
,,,-00.000173000000,  14.80000,
,,,-00.000172800000,  14.80000,
,,,-00.000172600000,  15.20000,
,,,-00.000172400000,  15.20000,
,,,-00.000172200000,  14.80000,
,,,-00.000172000000,  15.20000,
,,,-00.000171800000,  15.60000,
,,,-00.000171600000,  15.60000,
,,,-00.000171400000,  15.60000,
,,,-00.000171200000,  15.60000,
,,,-00.000171000000,  16.00000,
,,,-00.000170800000,  15.60000,
,,,-00.000170600000,  15.60000,
,,,-00.000170400000,  16.00000,
,,,-00.000170200000,  15.60000,
,,,-00.000170000000,  16.00000,
,,,-00.000169800000,  16.00000,
,,,-00.000169600000,  16.00000,
,,,-00.000169400000,  16.80000,
,,,-00.000169200000,  16.40000,
,,,-00.000169000000,  16.40000,
,,,-00.000168800000,  16.00000,
,,,-00.000168600000,  16.80000,
,,,-00.000168400000,  16.80000,
,,,-00.000168200000,  16.80000,
,,,-00.000168000000,  16.80000,
,,,-00.000167800000,  17.20000,
,,,-00.000167600000,  16.80000,
,,,-00.000167400000,  17.60000,
,,,-00.000167200000,  17.60000,
,,,-00.000167000000,  17.20000,
,,,-00.000166800000,  17.20000,
,,,-00.000166600000,  17.20000,
,,,-00.000166400000,  17.60000,
,,,-00.000166200000,  18.00000,
,,,-00.000166000000,  17.60000,
,,,-00.000165800000,  17.60000,
,,,-00.000165600000,  17.60000,
,,,-00.000165400000,  18.00000,
,,,-00.000165200000,  17.60000,
,,,-00.000165000000,  18.40000,
,,,-00.000164800000,  18.00000,
,,,-00.000164600000,  18.00000,
,,,-00.000164400000,  18.00000,
,,,-00.000164200000,  18.80000,
,,,-00.000164000000,  18.40000,
,,,-00.000163800000,  18.00000,
,,,-00.000163600000,  18.00000,
,,,-00.000163400000,  18.80000,
,,,-00.000163200000,  18.80000,
,,,-00.000163000000,  18.40000,
,,,-00.000162800000,  18.80000,
,,,-00.000162600000,  18.40000,
,,,-00.000162400000,  19.20000,
,,,-00.000162200000,  18.80000,
,,,-00.000162000000,  18.80000,
,,,-00.000161800000,  18.80000,
,,,-00.000161600000,  18.80000,
,,,-00.000161400000,  19.20000,
,,,-00.000161200000,  19.20000,
,,,-00.000161000000,  19.20000,
,,,-00.000160800000,  19.20000,
,,,-00.000160600000,  19.20000,
,,,-00.000160400000,  19.20000,
,,,-00.000160200000,  19.60000,
,,,-00.000160000000,  19.20000,
,,,-00.000159800000,  19.20000,
,,,-00.000159600000,  19.20000,
,,,-00.000159400000,  19.20000,
,,,-00.000159200000,  19.20000,
,,,-00.000159000000,  19.60000,
,,,-00.000158800000,  19.60000,
,,,-00.000158600000,  19.60000,
,,,-00.000158400000,  20.00000,
,,,-00.000158200000,  19.60000,
,,,-00.000158000000,  19.60000,
,,,-00.000157800000,  20.00000,
,,,-00.000157600000,  19.60000,
,,,-00.000157400000,  20.00000,
,,,-00.000157200000,  20.00000,
,,,-00.000157000000,  19.60000,
,,,-00.000156800000,  20.00000,
,,,-00.000156600000,  20.00000,
,,,-00.000156400000,  20.00000,
,,,-00.000156200000,  20.00000,
,,,-00.000156000000,  19.60000,
,,,-00.000155800000,  20.00000,
,,,-00.000155600000,  19.60000,
,,,-00.000155400000,  19.60000,
,,,-00.000155200000,  20.00000,
,,,-00.000155000000,  20.40000,
,,,-00.000154800000,  20.40000,
,,,-00.000154600000,  20.00000,
,,,-00.000154400000,  20.40000,
,,,-00.000154200000,  20.40000,
,,,-00.000154000000,  20.00000,
,,,-00.000153800000,  20.00000,
,,,-00.000153600000,  20.40000,
,,,-00.000153400000,  20.00000,
,,,-00.000153200000,  20.40000,
,,,-00.000153000000,  20.40000,
,,,-00.000152800000,  20.00000,
,,,-00.000152600000,  20.40000,
,,,-00.000152400000,  20.80000,
,,,-00.000152200000,  20.80000,
,,,-00.000152000000,  20.40000,
,,,-00.000151800000,  20.00000,
,,,-00.000151600000,  20.40000,
,,,-00.000151400000,  20.80000,
,,,-00.000151200000,  20.40000,
,,,-00.000151000000,  20.00000,
,,,-00.000150800000,  20.00000,
,,,-00.000150600000,  20.80000,
,,,-00.000150400000,  20.00000,
,,,-00.000150200000,  20.40000,
,,,-00.000150000000,  20.00000,
,,,-00.000149800000,  20.80000,
,,,-00.000149600000,  20.40000,
,,,-00.000149400000,  20.40000,
,,,-00.000149200000,  20.40000,
,,,-00.000149000000,  19.60000,
,,,-00.000148800000,  20.00000,
,,,-00.000148600000,  20.00000,
,,,-00.000148400000,  20.40000,
,,,-00.000148200000,  19.60000,
,,,-00.000148000000,  20.00000,
,,,-00.000147800000,  20.00000,
,,,-00.000147600000,  20.40000,
,,,-00.000147400000,  20.00000,
,,,-00.000147200000,  20.00000,
,,,-00.000147000000,  20.00000,
,,,-00.000146800000,  20.40000,
,,,-00.000146600000,  20.40000,
,,,-00.000146400000,  20.00000,
,,,-00.000146200000,  20.00000,
,,,-00.000146000000,  20.00000,
,,,-00.000145800000,  20.00000,
,,,-00.000145600000,  19.60000,
,,,-00.000145400000,  20.00000,
,,,-00.000145200000,  20.00000,
,,,-00.000145000000,  19.60000,
,,,-00.000144800000,  19.20000,
,,,-00.000144600000,  20.00000,
,,,-00.000144400000,  19.60000,
,,,-00.000144200000,  19.60000,
,,,-00.000144000000,  19.60000,
,,,-00.000143800000,  19.60000,
,,,-00.000143600000,  19.60000,
,,,-00.000143400000,  19.60000,
,,,-00.000143200000,  19.20000,
,,,-00.000143000000,  19.20000,
,,,-00.000142800000,  18.80000,
,,,-00.000142600000,  19.60000,
,,,-00.000142400000,  19.20000,
,,,-00.000142200000,  19.20000,
,,,-00.000142000000,  18.80000,
,,,-00.000141800000,  18.80000,
,,,-00.000141600000,  18.80000,
,,,-00.000141400000,  18.40000,
,,,-00.000141200000,  18.80000,
,,,-00.000141000000,  18.80000,
,,,-00.000140800000,  18.40000,
,,,-00.000140600000,  18.80000,
,,,-00.000140400000,  18.40000,
,,,-00.000140200000,  18.80000,
,,,-00.000140000000,  18.40000,
,,,-00.000139800000,  18.40000,
,,,-00.000139600000,  18.40000,
,,,-00.000139400000,  18.40000,
,,,-00.000139200000,  18.40000,
,,,-00.000139000000,  18.40000,
,,,-00.000138800000,  18.40000,
,,,-00.000138600000,  18.40000,
,,,-00.000138400000,  18.00000,
,,,-00.000138200000,  18.00000,
,,,-00.000138000000,  18.00000,
,,,-00.000137800000,  18.00000,
,,,-00.000137600000,  18.00000,
,,,-00.000137400000,  18.00000,
,,,-00.000137200000,  18.00000,
,,,-00.000137000000,  17.60000,
,,,-00.000136800000,  18.00000,
,,,-00.000136600000,  17.60000,
,,,-00.000136400000,  18.00000,
,,,-00.000136200000,  17.20000,
,,,-00.000136000000,  17.60000,
,,,-00.000135800000,  17.60000,
,,,-00.000135600000,  17.20000,
,,,-00.000135400000,  17.20000,
,,,-00.000135200000,  16.80000,
,,,-00.000135000000,  16.80000,
,,,-00.000134800000,  16.40000,
,,,-00.000134600000,  16.80000,
,,,-00.000134400000,  16.80000,
,,,-00.000134200000,  16.80000,
,,,-00.000134000000,  16.40000,
,,,-00.000133800000,  16.40000,
,,,-00.000133600000,  16.00000,
,,,-00.000133400000,  16.40000,
,,,-00.000133200000,  16.40000,
,,,-00.000133000000,  15.60000,
,,,-00.000132800000,  15.60000,
,,,-00.000132600000,  16.00000,
,,,-00.000132400000,  16.00000,
,,,-00.000132200000,  16.00000,
,,,-00.000132000000,  15.60000,
,,,-00.000131800000,  16.00000,
,,,-00.000131600000,  15.60000,
,,,-00.000131400000,  14.80000,
,,,-00.000131200000,  14.80000,
,,,-00.000131000000,  15.20000,
,,,-00.000130800000,  15.20000,
,,,-00.000130600000,  14.40000,
,,,-00.000130400000,  14.80000,
,,,-00.000130200000,  14.40000,
,,,-00.000130000000,  15.20000,
,,,-00.000129800000,  14.80000,
,,,-00.000129600000,  14.80000,
,,,-00.000129400000,  14.80000,
,,,-00.000129200000,  14.40000,
,,,-00.000129000000,  14.00000,
,,,-00.000128800000,  14.40000,
,,,-00.000128600000,  14.40000,
,,,-00.000128400000,  13.60000,
,,,-00.000128200000,  14.00000,
,,,-00.000128000000,  13.60000,
,,,-00.000127800000,  13.60000,
,,,-00.000127600000,  13.60000,
,,,-00.000127400000,  13.20000,
,,,-00.000127200000,  13.20000,
,,,-00.000127000000,  13.20000,
,,,-00.000126800000,  13.60000,
,,,-00.000126600000,  13.20000,
,,,-00.000126400000,  12.80000,
,,,-00.000126200000,  13.20000,
,,,-00.000126000000,  12.40000,
,,,-00.000125800000,  12.80000,
,,,-00.000125600000,  12.40000,
,,,-00.000125400000,  12.80000,
,,,-00.000125200000,  12.00000,
,,,-00.000125000000,  12.00000,
,,,-00.000124800000,  12.00000,
,,,-00.000124600000,  12.00000,
,,,-00.000124400000,  12.00000,
,,,-00.000124200000,  11.60000,
,,,-00.000124000000,  11.60000,
,,,-00.000123800000,  11.20000,
,,,-00.000123600000,  10.80000,
,,,-00.000123400000,  10.80000,
,,,-00.000123200000,  10.40000,
,,,-00.000123000000,  10.00000,
,,,-00.000122800000,  11.20000,
,,,-00.000122600000,  10.40000,
,,,-00.000122400000,  10.40000,
,,,-00.000122200000,  10.40000,
,,,-00.000122000000,  10.40000,
,,,-00.000121800000,  10.00000,
,,,-00.000121600000,   9.60000,
,,,-00.000121400000,   9.60000,
,,,-00.000121200000,  10.00000,
,,,-00.000121000000,   9.20000,
,,,-00.000120800000,   9.60000,
,,,-00.000120600000,   9.20000,
,,,-00.000120400000,   9.20000,
,,,-00.000120200000,   9.20000,
,,,-00.000120000000,   8.40000,
,,,-00.000119800000,   8.80000,
,,,-00.000119600000,   8.40000,
,,,-00.000119400000,   8.80000,
,,,-00.000119200000,   8.80000,
,,,-00.000119000000,   8.40000,
,,,-00.000118800000,   8.40000,
,,,-00.000118600000,   8.00000,
,,,-00.000118400000,   7.60000,
,,,-00.000118200000,   8.00000,
,,,-00.000118000000,   8.40000,
,,,-00.000117800000,   7.60000,
,,,-00.000117600000,   7.60000,
,,,-00.000117400000,   7.60000,
,,,-00.000117200000,   7.20000,
,,,-00.000117000000,   7.20000,
,,,-00.000116800000,   7.20000,
,,,-00.000116600000,   6.80000,
,,,-00.000116400000,   6.40000,
,,,-00.000116200000,   6.80000,
,,,-00.000116000000,   6.00000,
,,,-00.000115800000,   6.40000,
,,,-00.000115600000,   6.40000,
,,,-00.000115400000,   6.40000,
,,,-00.000115200000,   6.00000,
,,,-00.000115000000,   4.80000,
,,,-00.000114800000,   5.60000,
,,,-00.000114600000,   5.60000,
,,,-00.000114400000,   5.60000,
,,,-00.000114200000,   4.80000,
,,,-00.000114000000,   4.80000,
,,,-00.000113800000,   4.40000,
,,,-00.000113600000,   4.80000,
,,,-00.000113400000,   4.80000,
,,,-00.000113200000,   4.00000,
,,,-00.000113000000,   4.40000,
,,,-00.000112800000,   4.00000,
,,,-00.000112600000,   3.60000,
,,,-00.000112400000,   3.60000,
,,,-00.000112200000,   3.60000,
,,,-00.000112000000,   3.60000,
,,,-00.000111800000,   3.20000,
,,,-00.000111600000,   3.20000,
,,,-00.000111400000,   2.40000,
,,,-00.000111200000,   2.80000,
,,,-00.000111000000,   2.80000,
,,,-00.000110800000,   2.40000,
,,,-00.000110600000,   2.00000,
,,,-00.000110400000,   2.40000,
,,,-00.000110200000,   2.40000,
,,,-00.000110000000,   2.00000,
,,,-00.000109800000,   2.00000,
,,,-00.000109600000,   1.60000,
,,,-00.000109400000,   1.20000,
,,,-00.000109200000,   1.60000,
,,,-00.000109000000,   1.20000,
,,,-00.000108800000,   1.20000,
,,,-00.000108600000,   0.80000,
,,,-00.000108400000,   0.80000,
,,,-00.000108200000,   0.80000,
,,,-00.000108000000,   0.40000,
,,,-00.000107800000,   0.40000,
,,,-00.000107600000,   0.00000,
,,,-00.000107400000,  -0.40000,
,,,-00.000107200000,   0.00000,
,,,-00.000107000000,  -0.40000,
,,,-00.000106800000,  -0.40000,
,,,-00.000106600000,  -0.80000,
,,,-00.000106400000,  -0.40000,
,,,-00.000106200000,  -1.20000,
,,,-00.000106000000,  -0.80000,
,,,-00.000105800000,  -1.60000,
,,,-00.000105600000,  -1.20000,
,,,-00.000105400000,  -1.20000,
,,,-00.000105200000,  -2.00000,
,,,-00.000105000000,  -1.60000,
,,,-00.000104800000,  -2.40000,
,,,-00.000104600000,  -2.40000,
,,,-00.000104400000,  -2.00000,
,,,-00.000104200000,  -3.20000,
,,,-00.000104000000,  -2.80000,
,,,-00.000103800000,  -2.80000,
,,,-00.000103600000,  -3.20000,
,,,-00.000103400000,  -3.20000,
,,,-00.000103200000,  -4.00000,
,,,-00.000103000000,  -3.60000,
,,,-00.000102800000,  -4.00000,
,,,-00.000102600000,  -4.00000,
,,,-00.000102400000,  -4.00000,
,,,-00.000102200000,  -4.40000,
,,,-00.000102000000,  -4.40000,
,,,-00.000101800000,  -4.80000,
,,,-00.000101600000,  -4.40000,
,,,-00.000101400000,  -4.80000,
,,,-00.000101200000,  -5.60000,
,,,-00.000101000000,  -4.80000,
,,,-00.000100800000,  -5.20000,
,,,-00.000100600000,  -4.80000,
,,,-00.000100400000,  -5.60000,
,,,-00.000100200000,  -6.40000,
,,,-00.000100000000,  -6.00000,
,,,-00.000099800000,  -6.40000,
,,,-00.000099600000,  -6.40000,
,,,-00.000099400000,  -6.40000,
,,,-00.000099200000,  -6.80000,
,,,-00.000099000000,  -6.40000,
,,,-00.000098800000,  -6.80000,
,,,-00.000098600000,  -7.20000,
,,,-00.000098400000,  -6.80000,
,,,-00.000098200000,  -7.20000,
,,,-00.000098000000,  -7.20000,
,,,-00.000097800000,  -7.60000,
,,,-00.000097600000,  -8.00000,
,,,-00.000097400000,  -8.00000,
,,,-00.000097200000,  -8.00000,
,,,-00.000097000000,  -8.00000,
,,,-00.000096800000,  -8.40000,
,,,-00.000096600000,  -9.20000,
,,,-00.000096400000,  -8.80000,
,,,-00.000096200000,  -8.80000,
,,,-00.000096000000,  -9.60000,
,,,-00.000095800000,  -9.20000,
,,,-00.000095600000,  -9.20000,
,,,-00.000095400000,  -9.60000,
,,,-00.000095200000, -10.00000,
,,,-00.000095000000, -10.00000,
,,,-00.000094800000, -10.00000,
,,,-00.000094600000, -10.00000,
,,,-00.000094400000, -10.80000,
,,,-00.000094200000, -10.40000,
,,,-00.000094000000, -11.20000,
,,,-00.000093800000, -10.80000,
,,,-00.000093600000, -10.80000,
,,,-00.000093400000, -11.60000,
,,,-00.000093200000, -11.20000,
,,,-00.000093000000, -11.60000,
,,,-00.000092800000, -12.00000,
,,,-00.000092600000, -11.20000,
,,,-00.000092400000, -12.00000,
,,,-00.000092200000, -12.00000,
,,,-00.000092000000, -12.00000,
,,,-00.000091800000, -12.00000,
,,,-00.000091600000, -13.20000,
,,,-00.000091400000, -12.40000,
,,,-00.000091200000, -12.40000,
,,,-00.000091000000, -13.20000,
,,,-00.000090800000, -13.20000,
,,,-00.000090600000, -13.60000,
,,,-00.000090400000, -12.80000,
,,,-00.000090200000, -14.00000,
,,,-00.000090000000, -13.60000,
,,,-00.000089800000, -13.60000,
,,,-00.000089600000, -14.00000,
,,,-00.000089400000, -14.40000,
,,,-00.000089200000, -14.00000,
,,,-00.000089000000, -14.00000,
,,,-00.000088800000, -14.80000,
,,,-00.000088600000, -14.40000,
,,,-00.000088400000, -14.80000,
,,,-00.000088200000, -14.80000,
,,,-00.000088000000, -14.80000,
,,,-00.000087800000, -15.60000,
,,,-00.000087600000, -16.00000,
,,,-00.000087400000, -15.60000,
,,,-00.000087200000, -16.00000,
,,,-00.000087000000, -15.60000,
,,,-00.000086800000, -16.00000,
,,,-00.000086600000, -16.40000,
,,,-00.000086400000, -16.40000,
,,,-00.000086200000, -16.40000,
,,,-00.000086000000, -16.00000,
,,,-00.000085800000, -16.80000,
,,,-00.000085600000, -16.40000,
,,,-00.000085400000, -17.20000,
,,,-00.000085200000, -16.80000,
,,,-00.000085000000, -16.80000,
,,,-00.000084800000, -17.20000,
,,,-00.000084600000, -17.20000,
,,,-00.000084400000, -18.00000,
,,,-00.000084200000, -17.60000,
,,,-00.000084000000, -18.00000,
,,,-00.000083800000, -17.60000,
,,,-00.000083600000, -18.40000,
,,,-00.000083400000, -18.40000,
,,,-00.000083200000, -18.40000,
,,,-00.000083000000, -18.80000,
,,,-00.000082800000, -18.40000,
,,,-00.000082600000, -18.80000,
,,,-00.000082400000, -18.80000,
,,,-00.000082200000, -19.20000,
,,,-00.000082000000, -19.20000,
,,,-00.000081800000, -19.60000,
,,,-00.000081600000, -19.20000,
,,,-00.000081400000, -20.00000,
,,,-00.000081200000, -19.60000,
,,,-00.000081000000, -19.60000,
,,,-00.000080800000, -20.00000,
,,,-00.000080600000, -20.00000,
,,,-00.000080400000, -20.80000,
,,,-00.000080200000, -20.00000,
,,,-00.000080000000, -20.80000,
,,,-00.000079800000, -20.80000,
,,,-00.000079600000, -21.20000,
,,,-00.000079400000, -20.80000,
,,,-00.000079200000, -20.80000,
,,,-00.000079000000, -20.80000,
,,,-00.000078800000, -21.20000,
,,,-00.000078600000, -21.20000,
,,,-00.000078400000, -21.20000,
,,,-00.000078200000, -21.60000,
,,,-00.000078000000, -21.60000,
,,,-00.000077800000, -22.00000,
,,,-00.000077600000, -21.60000,
,,,-00.000077400000, -22.00000,
,,,-00.000077200000, -22.00000,
,,,-00.000077000000, -22.00000,
,,,-00.000076800000, -22.80000,
,,,-00.000076600000, -22.40000,
,,,-00.000076400000, -22.40000,
,,,-00.000076200000, -23.20000,
,,,-00.000076000000, -22.80000,
,,,-00.000075800000, -22.40000,
,,,-00.000075600000, -22.80000,
,,,-00.000075400000, -23.60000,
,,,-00.000075200000, -23.20000,
,,,-00.000075000000, -23.20000,
,,,-00.000074800000, -23.60000,
,,,-00.000074600000, -24.00000,
,,,-00.000074400000, -23.60000,
,,,-00.000074200000, -24.40000,
,,,-00.000074000000, -24.00000,
,,,-00.000073800000, -23.60000,
,,,-00.000073600000, -24.40000,
,,,-00.000073400000, -24.00000,
,,,-00.000073200000, -24.80000,
,,,-00.000073000000, -24.40000,
,,,-00.000072800000, -24.40000,
,,,-00.000072600000, -24.40000,
,,,-00.000072400000, -24.80000,
,,,-00.000072200000, -24.80000,
,,,-00.000072000000, -25.20000,
,,,-00.000071800000, -25.20000,
,,,-00.000071600000, -24.80000,
,,,-00.000071400000, -25.20000,
,,,-00.000071200000, -26.00000,
,,,-00.000071000000, -25.20000,
,,,-00.000070800000, -25.60000,
,,,-00.000070600000, -25.60000,
,,,-00.000070400000, -25.20000,
,,,-00.000070200000, -25.60000,
,,,-00.000070000000, -26.00000,
,,,-00.000069800000, -26.40000,
,,,-00.000069600000, -26.00000,
,,,-00.000069400000, -26.00000,
,,,-00.000069200000, -26.40000,
,,,-00.000069000000, -26.40000,
,,,-00.000068800000, -26.40000,
,,,-00.000068600000, -26.80000,
,,,-00.000068400000, -26.80000,
,,,-00.000068200000, -26.40000,
,,,-00.000068000000, -26.80000,
,,,-00.000067800000, -27.60000,
,,,-00.000067600000, -27.20000,
,,,-00.000067400000, -27.20000,
,,,-00.000067200000, -27.20000,
,,,-00.000067000000, -27.20000,
,,,-00.000066800000, -27.20000,
,,,-00.000066600000, -27.20000,
,,,-00.000066400000, -27.20000,
,,,-00.000066200000, -27.60000,
,,,-00.000066000000, -27.20000,
,,,-00.000065800000, -27.60000,
,,,-00.000065600000, -27.60000,
,,,-00.000065400000, -27.60000,
,,,-00.000065200000, -27.60000,
,,,-00.000065000000, -27.60000,
,,,-00.000064800000, -27.60000,
,,,-00.000064600000, -28.40000,
,,,-00.000064400000, -28.00000,
,,,-00.000064200000, -28.00000,
,,,-00.000064000000, -28.40000,
,,,-00.000063800000, -28.00000,
,,,-00.000063600000, -28.00000,
,,,-00.000063400000, -28.40000,
,,,-00.000063200000, -28.80000,
,,,-00.000063000000, -28.40000,
,,,-00.000062800000, -28.80000,
,,,-00.000062600000, -28.40000,
,,,-00.000062400000, -28.40000,
,,,-00.000062200000, -28.80000,
,,,-00.000062000000, -28.40000,
,,,-00.000061800000, -29.20000,
,,,-00.000061600000, -28.80000,
,,,-00.000061400000, -28.80000,
,,,-00.000061200000, -28.80000,
,,,-00.000061000000, -28.80000,
,,,-00.000060800000, -28.80000,
,,,-00.000060600000, -29.20000,
,,,-00.000060400000, -28.40000,
,,,-00.000060200000, -29.20000,
,,,-00.000060000000, -28.80000,
,,,-00.000059800000, -29.60000,
,,,-00.000059600000, -29.20000,
,,,-00.000059400000, -29.20000,
,,,-00.000059200000, -29.20000,
,,,-00.000059000000, -29.60000,
,,,-00.000058800000, -29.20000,
,,,-00.000058600000, -29.20000,
,,,-00.000058400000, -29.60000,
,,,-00.000058200000, -29.60000,
,,,-00.000058000000, -29.60000,
,,,-00.000057800000, -29.60000,
,,,-00.000057600000, -29.60000,
,,,-00.000057400000, -29.20000,
,,,-00.000057200000, -29.60000,
,,,-00.000057000000, -30.00000,
,,,-00.000056800000, -29.60000,
,,,-00.000056600000, -29.60000,
,,,-00.000056400000, -30.40000,
,,,-00.000056200000, -29.60000,
,,,-00.000056000000, -29.60000,
,,,-00.000055800000, -29.60000,
,,,-00.000055600000, -30.40000,
,,,-00.000055400000, -30.00000,
,,,-00.000055200000, -29.60000,
,,,-00.000055000000, -29.60000,
,,,-00.000054800000, -30.00000,
,,,-00.000054600000, -30.00000,
,,,-00.000054400000, -30.80000,
,,,-00.000054200000, -30.00000,
,,,-00.000054000000, -29.20000,
,,,-00.000053800000, -30.40000,
,,,-00.000053600000, -30.40000,
,,,-00.000053400000, -30.00000,
,,,-00.000053200000, -30.40000,
,,,-00.000053000000, -30.00000,
,,,-00.000052800000, -29.60000,
,,,-00.000052600000, -30.00000,
,,,-00.000052400000, -30.00000,
,,,-00.000052200000, -30.00000,
,,,-00.000052000000, -30.40000,
,,,-00.000051800000, -30.00000,
,,,-00.000051600000, -30.00000,
,,,-00.000051400000, -30.00000,
,,,-00.000051200000, -30.40000,
,,,-00.000051000000, -30.80000,
,,,-00.000050800000, -30.00000,
,,,-00.000050600000, -30.00000,
,,,-00.000050400000, -30.00000,
,,,-00.000050200000, -29.60000,
,,,-00.000050000000, -30.80000,
,,,-00.000049800000, -30.00000,
,,,-00.000049600000, -30.40000,
,,,-00.000049400000, -30.00000,
,,,-00.000049200000, -30.40000,
,,,-00.000049000000, -30.00000,
,,,-00.000048800000, -30.00000,
,,,-00.000048600000, -29.60000,
,,,-00.000048400000, -30.00000,
,,,-00.000048200000, -30.00000,
,,,-00.000048000000, -30.00000,
,,,-00.000047800000, -30.00000,
,,,-00.000047600000, -30.00000,
,,,-00.000047400000, -29.60000,
,,,-00.000047200000, -29.60000,
,,,-00.000047000000, -29.60000,
,,,-00.000046800000, -29.60000,
,,,-00.000046600000, -29.60000,
,,,-00.000046400000, -29.60000,
,,,-00.000046200000, -30.00000,
,,,-00.000046000000, -29.60000,
,,,-00.000045800000, -30.00000,
,,,-00.000045600000, -29.60000,
,,,-00.000045400000, -29.60000,
,,,-00.000045200000, -29.20000,
,,,-00.000045000000, -29.60000,
,,,-00.000044800000, -29.20000,
,,,-00.000044600000, -29.20000,
,,,-00.000044400000, -29.20000,
,,,-00.000044200000, -29.20000,
,,,-00.000044000000, -29.60000,
,,,-00.000043800000, -29.60000,
,,,-00.000043600000, -29.20000,
,,,-00.000043400000, -29.20000,
,,,-00.000043200000, -29.20000,
,,,-00.000043000000, -29.20000,
,,,-00.000042800000, -29.20000,
,,,-00.000042600000, -29.60000,
,,,-00.000042400000, -29.20000,
,,,-00.000042200000, -29.20000,
,,,-00.000042000000, -28.80000,
,,,-00.000041800000, -28.80000,
,,,-00.000041600000, -28.80000,
,,,-00.000041400000, -28.40000,
,,,-00.000041200000, -28.80000,
,,,-00.000041000000, -28.40000,
,,,-00.000040800000, -28.80000,
,,,-00.000040600000, -28.40000,
,,,-00.000040400000, -28.80000,
,,,-00.000040200000, -28.40000,
,,,-00.000040000000, -28.40000,
,,,-00.000039800000, -28.40000,
,,,-00.000039600000, -28.40000,
,,,-00.000039400000, -28.40000,
,,,-00.000039200000, -28.40000,
,,,-00.000039000000, -28.00000,
,,,-00.000038800000, -27.60000,
,,,-00.000038600000, -28.40000,
,,,-00.000038400000, -28.00000,
,,,-00.000038200000, -28.00000,
,,,-00.000038000000, -27.60000,
,,,-00.000037800000, -28.00000,
,,,-00.000037600000, -27.60000,
,,,-00.000037400000, -27.60000,
,,,-00.000037200000, -27.60000,
,,,-00.000037000000, -27.60000,
,,,-00.000036800000, -27.60000,
,,,-00.000036600000, -28.00000,
,,,-00.000036400000, -27.20000,
,,,-00.000036200000, -26.80000,
,,,-00.000036000000, -27.20000,
,,,-00.000035800000, -27.20000,
,,,-00.000035600000, -26.80000,
,,,-00.000035400000, -26.80000,
,,,-00.000035200000, -26.80000,
,,,-00.000035000000, -27.20000,
,,,-00.000034800000, -26.40000,
,,,-00.000034600000, -26.80000,
,,,-00.000034400000, -26.80000,
,,,-00.000034200000, -26.00000,
,,,-00.000034000000, -26.80000,
,,,-00.000033800000, -26.00000,
,,,-00.000033600000, -26.00000,
,,,-00.000033400000, -26.40000,
,,,-00.000033200000, -26.00000,
,,,-00.000033000000, -26.00000,
,,,-00.000032800000, -25.60000,
,,,-00.000032600000, -25.60000,
,,,-00.000032400000, -25.60000,
,,,-00.000032200000, -25.60000,
,,,-00.000032000000, -25.60000,
,,,-00.000031800000, -25.60000,
,,,-00.000031600000, -25.20000,
,,,-00.000031400000, -25.20000,
,,,-00.000031200000, -25.60000,
,,,-00.000031000000, -24.40000,
,,,-00.000030800000, -24.80000,
,,,-00.000030600000, -24.40000,
,,,-00.000030400000, -24.80000,
,,,-00.000030200000, -24.80000,
,,,-00.000030000000, -24.40000,
,,,-00.000029800000, -24.40000,
,,,-00.000029600000, -24.00000,
,,,-00.000029400000, -24.40000,
,,,-00.000029200000, -24.00000,
,,,-00.000029000000, -24.00000,
,,,-00.000028800000, -24.00000,
,,,-00.000028600000, -23.60000,
,,,-00.000028400000, -23.60000,
,,,-00.000028200000, -24.00000,
,,,-00.000028000000, -23.20000,
,,,-00.000027800000, -23.20000,
,,,-00.000027600000, -23.20000,
,,,-00.000027400000, -22.80000,
,,,-00.000027200000, -22.80000,
,,,-00.000027000000, -23.20000,
,,,-00.000026800000, -22.40000,
,,,-00.000026600000, -22.80000,
,,,-00.000026400000, -22.40000,
,,,-00.000026200000, -22.00000,
,,,-00.000026000000, -22.40000,
,,,-00.000025800000, -22.40000,
,,,-00.000025600000, -21.60000,
,,,-00.000025400000, -21.60000,
,,,-00.000025200000, -21.60000,
,,,-00.000025000000, -22.00000,
,,,-00.000024800000, -22.00000,
,,,-00.000024600000, -21.60000,
,,,-00.000024400000, -21.20000,
,,,-00.000024200000, -22.00000,
,,,-00.000024000000, -21.60000,
,,,-00.000023800000, -21.20000,
,,,-00.000023600000, -21.20000,
,,,-00.000023400000, -21.20000,
,,,-00.000023200000, -20.80000,
,,,-00.000023000000, -20.80000,
,,,-00.000022800000, -20.00000,
,,,-00.000022600000, -21.20000,
,,,-00.000022400000, -20.40000,
,,,-00.000022200000, -20.00000,
,,,-00.000022000000, -20.40000,
,,,-00.000021800000, -20.00000,
,,,-00.000021600000, -20.00000,
,,,-00.000021400000, -19.60000,
,,,-00.000021200000, -19.60000,
,,,-00.000021000000, -19.60000,
,,,-00.000020800000, -19.20000,
,,,-00.000020600000, -19.60000,
,,,-00.000020400000, -18.80000,
,,,-00.000020200000, -18.80000,
,,,-00.000020000000, -18.80000,
,,,-00.000019800000, -18.40000,
,,,-00.000019600000, -18.40000,
,,,-00.000019400000, -18.40000,
,,,-00.000019200000, -18.00000,
,,,-00.000019000000, -18.00000,
,,,-00.000018800000, -17.60000,
,,,-00.000018600000, -17.60000,
,,,-00.000018400000, -17.60000,
,,,-00.000018200000, -17.60000,
,,,-00.000018000000, -17.20000,
,,,-00.000017800000, -17.20000,
,,,-00.000017600000, -16.80000,
,,,-00.000017400000, -16.80000,
,,,-00.000017200000, -16.80000,
,,,-00.000017000000, -16.80000,
,,,-00.000016800000, -16.80000,
,,,-00.000016600000, -16.40000,
,,,-00.000016400000, -16.00000,
,,,-00.000016200000, -16.00000,
,,,-00.000016000000, -16.40000,
,,,-00.000015800000, -15.60000,
,,,-00.000015600000, -16.00000,
,,,-00.000015400000, -15.60000,
,,,-00.000015200000, -15.60000,
,,,-00.000015000000, -15.20000,
,,,-00.000014800000, -15.60000,
,,,-00.000014600000, -15.20000,
,,,-00.000014400000, -14.80000,
,,,-00.000014200000, -14.80000,
,,,-00.000014000000, -14.40000,
,,,-00.000013800000, -14.40000,
,,,-00.000013600000, -14.40000,
,,,-00.000013400000, -14.00000,
,,,-00.000013200000, -14.00000,
,,,-00.000013000000, -13.60000,
,,,-00.000012800000, -13.60000,
,,,-00.000012600000, -14.00000,
,,,-00.000012400000, -14.00000,
,,,-00.000012200000, -13.20000,
,,,-00.000012000000, -12.80000,
,,,-00.000011800000, -13.20000,
,,,-00.000011600000, -12.80000,
,,,-00.000011400000, -12.80000,
,,,-00.000011200000, -12.40000,
,,,-00.000011000000, -12.00000,
,,,-00.000010800000, -12.00000,
,,,-00.000010600000, -12.00000,
,,,-00.000010400000, -12.00000,
,,,-00.000010200000, -11.60000,
,,,-00.000010000000, -11.20000,
,,,-00.000009800000, -11.20000,
,,,-00.000009600000, -11.60000,
,,,-00.000009400000, -10.80000,
,,,-00.000009200000, -10.80000,
,,,-00.000009000000, -11.20000,
,,,-00.000008800000, -10.80000,
,,,-00.000008600000, -10.40000,
,,,-00.000008400000, -10.80000,
,,,-00.000008200000, -10.00000,
,,,-00.000008000000, -10.00000,
,,,-00.000007800000, -10.00000,
,,,-00.000007600000,  -9.60000,
,,,-00.000007400000,  -9.60000,
,,,-00.000007200000,  -9.20000,
,,,-00.000007000000,  -8.80000,
,,,-00.000006800000,  -9.20000,
,,,-00.000006600000,  -9.20000,
,,,-00.000006400000,  -9.20000,
,,,-00.000006200000,  -9.20000,
,,,-00.000006000000,  -8.40000,
,,,-00.000005800000,  -8.00000,
,,,-00.000005600000,  -8.00000,
,,,-00.000005400000,  -8.00000,
,,,-00.000005200000,  -8.00000,
,,,-00.000005000000,  -8.00000,
,,,-00.000004800000,  -7.60000,
,,,-00.000004600000,  -7.20000,
,,,-00.000004400000,  -7.60000,
,,,-00.000004200000,  -7.60000,
,,,-00.000004000000,  -6.80000,
,,,-00.000003800000,  -7.20000,
,,,-00.000003600000,  -6.40000,
,,,-00.000003400000,  -6.00000,
,,,-00.000003200000,  -6.40000,
,,,-00.000003000000,  -6.40000,
,,,-00.000002800000,  -6.40000,
,,,-00.000002600000,  -6.00000,
,,,-00.000002400000,  -5.20000,
,,,-00.000002200000,  -6.00000,
,,,-00.000002000000,  -5.20000,
,,,-00.000001800000,  -4.80000,
,,,-00.000001600000,  -4.80000,
,,,-00.000001400000,  -4.80000,
,,,-00.000001200000,  -4.80000,
,,,-00.000001000000,  -4.40000,
,,,-00.000000800000,  -4.80000,
,,,-00.000000600000,  -4.00000,
,,,-00.000000400000,  -3.60000,
,,,-00.000000200000,  -4.40000,
,,,-00.000000000000,  -3.60000,
,,,00.000000200000,  -3.60000,
,,,00.000000400000,  -3.20000,
,,,00.000000600000,  -3.20000,
,,,00.000000800000,  -2.80000,
,,,00.000001000000,  -3.20000,
,,,00.000001200000,  -2.80000,
,,,00.000001400000,  -2.40000,
,,,00.000001600000,  -2.80000,
,,,00.000001800000,  -2.40000,
,,,00.000002000000,  -2.40000,
,,,00.000002200000,  -1.60000,
,,,00.000002400000,  -2.40000,
,,,00.000002600000,  -1.20000,
,,,00.000002800000,  -1.20000,
,,,00.000003000000,  -1.60000,
,,,00.000003200000,  -1.20000,
,,,00.000003400000,  -0.80000,
,,,00.000003600000,  -0.40000,
,,,00.000003800000,  -1.20000,
,,,00.000004000000,  -0.40000,
,,,00.000004200000,  -0.40000,
,,,00.000004400000,   0.00000,
,,,00.000004600000,  -0.40000,
,,,00.000004800000,   0.40000,
,,,00.000005000000,  -0.40000,
,,,00.000005200000,   0.40000,
,,,00.000005400000,   0.00000,
,,,00.000005600000,   0.80000,
,,,00.000005800000,   1.20000,
,,,00.000006000000,   0.80000,
,,,00.000006200000,   0.80000,
,,,00.000006400000,   1.20000,
,,,00.000006600000,   1.20000,
,,,00.000006800000,   1.60000,
,,,00.000007000000,   2.00000,
,,,00.000007200000,   2.00000,
,,,00.000007400000,   1.60000,
,,,00.000007600000,   2.40000,
,,,00.000007800000,   2.40000,
,,,00.000008000000,   2.00000,
,,,00.000008200000,   3.20000,
,,,00.000008400000,   2.40000,
,,,00.000008600000,   3.20000,
,,,00.000008800000,   3.20000,
,,,00.000009000000,   3.60000,
,,,00.000009200000,   4.00000,
,,,00.000009400000,   2.80000,
,,,00.000009600000,   4.00000,
,,,00.000009800000,   3.60000,
,,,00.000010000000,   4.00000,
,,,00.000010200000,   4.00000,
,,,00.000010400000,   4.40000,
,,,00.000010600000,   4.40000,
,,,00.000010800000,   4.40000,
,,,00.000011000000,   4.80000,
,,,00.000011200000,   4.80000,
,,,00.000011400000,   4.80000,
,,,00.000011600000,   5.60000,
,,,00.000011800000,   4.80000,
,,,00.000012000000,   5.60000,
,,,00.000012200000,   5.60000,
,,,00.000012400000,   6.00000,
,,,00.000012600000,   6.00000,
,,,00.000012800000,   5.60000,
,,,00.000013000000,   6.00000,
,,,00.000013200000,   6.80000,
,,,00.000013400000,   6.00000,
,,,00.000013600000,   6.40000,
,,,00.000013800000,   6.80000,
,,,00.000014000000,   6.80000,
,,,00.000014200000,   7.20000,
,,,00.000014400000,   7.20000,
,,,00.000014600000,   7.20000,
,,,00.000014800000,   7.60000,
,,,00.000015000000,   7.60000,
,,,00.000015200000,   7.60000,
,,,00.000015400000,   7.60000,
,,,00.000015600000,   7.60000,
,,,00.000015800000,   8.00000,
,,,00.000016000000,   8.00000,
,,,00.000016200000,   8.40000,
,,,00.000016400000,   8.80000,
,,,00.000016600000,   8.40000,
,,,00.000016800000,   8.80000,
,,,00.000017000000,   8.40000,
,,,00.000017200000,   8.80000,
,,,00.000017400000,   9.20000,
,,,00.000017600000,   8.80000,
,,,00.000017800000,   9.20000,
,,,00.000018000000,   9.60000,
,,,00.000018200000,   9.60000,
,,,00.000018400000,   9.60000,
,,,00.000018600000,   9.60000,
,,,00.000018800000,  10.00000,
,,,00.000019000000,  10.00000,
,,,00.000019200000,  10.40000,
,,,00.000019400000,  10.80000,
,,,00.000019600000,  10.40000,
,,,00.000019800000,  10.40000,
,,,00.000020000000,  10.80000,
,,,00.000020200000,  10.80000,
,,,00.000020400000,  11.20000,
,,,00.000020600000,  10.80000,
,,,00.000020800000,  11.60000,
,,,00.000021000000,  11.20000,
,,,00.000021200000,  11.20000,
,,,00.000021400000,  11.60000,
,,,00.000021600000,  12.00000,
,,,00.000021800000,  12.00000,
,,,00.000022000000,  12.00000,
,,,00.000022200000,  12.00000,
,,,00.000022400000,  12.00000,
,,,00.000022600000,  12.00000,
,,,00.000022800000,  11.60000,
,,,00.000023000000,  12.80000,
,,,00.000023200000,  12.40000,
,,,00.000023400000,  13.20000,
,,,00.000023600000,  12.80000,
,,,00.000023800000,  13.20000,
,,,00.000024000000,  12.80000,
,,,00.000024200000,  13.20000,
,,,00.000024400000,  12.80000,
,,,00.000024600000,  13.60000,
,,,00.000024800000,  13.20000,
,,,00.000025000000,  13.60000,
,,,00.000025200000,  14.00000,
,,,00.000025400000,  13.60000,
,,,00.000025600000,  14.40000,
,,,00.000025800000,  14.00000,
,,,00.000026000000,  14.00000,
,,,00.000026200000,  14.40000,
,,,00.000026400000,  14.40000,
,,,00.000026600000,  14.80000,
,,,00.000026800000,  14.80000,
,,,00.000027000000,  14.40000,
,,,00.000027200000,  14.40000,
,,,00.000027400000,  15.20000,
,,,00.000027600000,  14.80000,
,,,00.000027800000,  14.40000,
,,,00.000028000000,  15.60000,
,,,00.000028200000,  14.80000,
,,,00.000028400000,  15.20000,
,,,00.000028600000,  16.00000,
,,,00.000028800000,  15.20000,
,,,00.000029000000,  16.00000,
,,,00.000029200000,  15.20000,
,,,00.000029400000,  15.60000,
,,,00.000029600000,  16.00000,
,,,00.000029800000,  16.40000,
,,,00.000030000000,  15.60000,
,,,00.000030200000,  16.40000,
,,,00.000030400000,  16.40000,
,,,00.000030600000,  16.00000,
,,,00.000030800000,  16.40000,
,,,00.000031000000,  16.40000,
,,,00.000031200000,  16.00000,
,,,00.000031400000,  16.80000,
,,,00.000031600000,  16.80000,
,,,00.000031800000,  16.80000,
,,,00.000032000000,  17.20000,
,,,00.000032200000,  16.80000,
,,,00.000032400000,  17.20000,
,,,00.000032600000,  17.20000,
,,,00.000032800000,  17.20000,
,,,00.000033000000,  17.20000,
,,,00.000033200000,  17.20000,
,,,00.000033400000,  16.80000,
,,,00.000033600000,  17.20000,
,,,00.000033800000,  18.00000,
,,,00.000034000000,  18.00000,
,,,00.000034200000,  17.60000,
,,,00.000034400000,  17.20000,
,,,00.000034600000,  17.60000,
,,,00.000034800000,  18.00000,
,,,00.000035000000,  18.00000,
,,,00.000035200000,  18.00000,
,,,00.000035400000,  18.00000,
,,,00.000035600000,  18.40000,
,,,00.000035800000,  18.40000,
,,,00.000036000000,  18.80000,
,,,00.000036200000,  18.40000,
,,,00.000036400000,  18.40000,
,,,00.000036600000,  18.40000,
,,,00.000036800000,  18.00000,
,,,00.000037000000,  18.80000,
,,,00.000037200000,  18.40000,
,,,00.000037400000,  18.40000,
,,,00.000037600000,  18.80000,
,,,00.000037800000,  19.20000,
,,,00.000038000000,  19.20000,
,,,00.000038200000,  19.20000,
,,,00.000038400000,  18.80000,
,,,00.000038600000,  19.60000,
,,,00.000038800000,  19.20000,
,,,00.000039000000,  19.60000,
,,,00.000039200000,  19.20000,
,,,00.000039400000,  19.20000,
,,,00.000039600000,  19.20000,
,,,00.000039800000,  19.60000,
,,,00.000040000000,  18.80000,
,,,00.000040200000,  20.00000,
,,,00.000040400000,  19.60000,
,,,00.000040600000,  19.60000,
,,,00.000040800000,  19.60000,
,,,00.000041000000,  19.60000,
,,,00.000041200000,  19.60000,
,,,00.000041400000,  19.60000,
,,,00.000041600000,  20.00000,
,,,00.000041800000,  20.00000,
,,,00.000042000000,  19.60000,
,,,00.000042200000,  19.20000,
,,,00.000042400000,  20.00000,
,,,00.000042600000,  19.20000,
,,,00.000042800000,  20.00000,
,,,00.000043000000,  19.60000,
,,,00.000043200000,  20.40000,
,,,00.000043400000,  20.00000,
,,,00.000043600000,  20.00000,
,,,00.000043800000,  20.40000,
,,,00.000044000000,  20.00000,
,,,00.000044200000,  19.60000,
,,,00.000044400000,  20.40000,
,,,00.000044600000,  20.00000,
,,,00.000044800000,  20.00000,
,,,00.000045000000,  20.40000,
,,,00.000045200000,  20.00000,
,,,00.000045400000,  20.40000,
,,,00.000045600000,  20.00000,
,,,00.000045800000,  19.60000,
,,,00.000046000000,  20.40000,
,,,00.000046200000,  20.40000,
,,,00.000046400000,  20.00000,
,,,00.000046600000,  20.40000,
,,,00.000046800000,  20.40000,
,,,00.000047000000,  20.40000,
,,,00.000047200000,  20.40000,
,,,00.000047400000,  20.80000,
,,,00.000047600000,  19.60000,
,,,00.000047800000,  20.80000,
,,,00.000048000000,  20.00000,
,,,00.000048200000,  20.40000,
,,,00.000048400000,  20.40000,
,,,00.000048600000,  20.40000,
,,,00.000048800000,  20.40000,
,,,00.000049000000,  20.00000,
,,,00.000049200000,  20.40000,
,,,00.000049400000,  20.40000,
,,,00.000049600000,  20.40000,
,,,00.000049800000,  20.40000,
